ReturnDate,TerritoryKey,ProductKey,ReturnQuantity
18/01/2020,4,125,1
18/01/2020,8,53,1
21/01/2020,9,40,1
22/01/2020,6,98,1
2/02/2020,14,174,1
15/02/2020,4,174,1
19/02/2020,7,287,1
24/02/2020,9,244,1
8/03/2020,2,133,1
13/03/2020,13,214,1
14/03/2020,11,95,1
15/03/2020,8,68,1
22/03/2020,5,200,1
26/03/2020,1,81,1
28/03/2020,5,290,1
28/03/2020,2,233,1
29/03/2020,4,175,1
1/04/2020,13,84,1
7/04/2020,12,268,1
7/04/2020,4,63,1
9/04/2020,9,199,1
10/04/2020,8,268,1
15/04/2020,5,58,1
16/04/2020,2,165,1
20/04/2020,7,70,1
21/04/2020,8,87,1
25/04/2020,1,175,1
27/04/2020,3,67,1
29/04/2020,14,145,1
29/04/2020,1,194,1
30/04/2020,10,183,1
1/05/2020,4,272,1
6/05/2020,10,137,1
7/05/2020,1,78,1
13/05/2020,10,285,1
14/05/2020,2,46,1
16/05/2020,3,99,1
16/05/2020,10,34,1
22/05/2020,2,244,1
24/05/2020,8,68,1
30/05/2020,7,22,1
30/05/2020,15,14,1
5/06/2020,7,89,1
7/06/2020,11,179,1
20/06/2020,5,151,1
24/06/2020,10,189,1
3/07/2020,4,113,1
11/07/2020,3,179,1
22/07/2020,3,284,1
14/08/2020,1,236,1
15/08/2020,3,133,1
15/08/2020,11,247,1
26/08/2020,6,91,1
28/08/2020,7,107,1
31/08/2020,8,186,1
3/09/2020,9,227,1
10/09/2020,3,205,1
3/10/2020,1,177,1
7/10/2020,14,181,1
8/10/2020,4,243,1
12/10/2020,4,14,1
13/10/2020,3,120,2
23/10/2020,4,287,1
25/10/2020,11,231,1
27/10/2020,13,217,1
28/10/2020,9,124,1
30/10/2020,4,20,1
16/11/2020,4,10,1
20/11/2020,7,267,1
23/11/2020,14,258,1
24/11/2020,12,257,1
27/11/2020,7,19,1
1/12/2020,15,100,1
4/12/2020,13,58,1
5/12/2020,6,12,1
6/12/2020,8,219,1
10/12/2020,14,160,1
11/12/2020,3,188,1
12/12/2020,8,34,1
12/12/2020,8,275,1
12/12/2020,4,224,1
14/12/2020,5,139,1
16/12/2020,8,221,1
18/12/2020,12,210,1
25/12/2020,9,231,1
7/01/2021,3,103,1
9/01/2021,2,51,1
10/01/2021,2,150,1
16/01/2021,5,250,1
23/01/2021,14,160,1
23/01/2021,4,3,1
26/01/2021,3,199,1
31/01/2021,12,269,1
1/02/2021,14,262,1
12/02/2021,13,59,1
14/02/2021,12,16,1
20/02/2021,7,132,1
20/02/2021,7,287,1
22/02/2021,13,134,1
22/02/2021,14,56,1
25/02/2021,10,160,1
8/03/2021,4,252,1
12/03/2021,11,119,1
18/03/2021,11,257,1
20/03/2021,5,253,1
21/03/2021,5,180,1
24/03/2021,12,65,1
29/03/2021,11,232,1
31/03/2021,13,255,1
1/04/2021,14,126,1
4/04/2021,8,122,1
13/04/2021,15,255,1
25/04/2021,2,41,1
27/04/2021,4,287,1
1/05/2021,4,13,1
1/05/2021,2,16,1
3/05/2021,11,121,1
11/05/2021,8,276,1
16/05/2021,1,120,1
21/05/2021,5,228,1
23/05/2021,4,79,1
26/05/2021,13,195,1
27/05/2021,7,201,1
31/05/2021,12,54,1
10/06/2021,7,37,1
12/06/2021,5,281,1
13/06/2021,13,11,1
15/06/2021,11,138,1
19/06/2021,11,240,1
21/06/2021,8,44,1
25/06/2021,4,270,1
27/06/2021,15,128,1
2/07/2021,3,199,1
3/07/2021,3,38,1
3/07/2021,6,291,1
3/07/2021,7,176,1
4/07/2021,1,218,1
6/07/2021,2,150,1
7/07/2021,12,1,1
8/07/2021,5,7,1
8/07/2021,1,293,1
8/07/2021,12,180,1
8/07/2021,14,185,1
8/07/2021,9,260,1
9/07/2021,11,209,1
11/07/2021,13,253,1
11/07/2021,9,221,1
12/07/2021,13,226,1
12/07/2021,14,166,1
13/07/2021,14,36,1
13/07/2021,9,60,1
13/07/2021,5,75,1
14/07/2021,13,65,1
15/07/2021,7,145,1
15/07/2021,4,149,1
15/07/2021,11,89,1
15/07/2021,3,70,1
15/07/2021,5,97,1
16/07/2021,13,220,1
19/07/2021,10,31,1
22/07/2021,10,27,1
23/07/2021,10,147,1
23/07/2021,8,50,1
24/07/2021,11,133,1
25/07/2021,2,66,1
26/07/2021,4,142,1
26/07/2021,7,262,1
28/07/2021,10,62,1
28/07/2021,7,64,1
29/07/2021,14,140,1
29/07/2021,9,9,1
29/07/2021,9,242,1
29/07/2021,6,165,1
30/07/2021,8,93,1
31/07/2021,12,93,1
31/07/2021,11,94,1
31/07/2021,6,245,1
1/08/2021,7,37,1
1/08/2021,4,16,1
2/08/2021,9,29,1
2/08/2021,12,245,1
2/08/2021,10,197,1
3/08/2021,10,9,1
3/08/2021,13,150,1
3/08/2021,10,188,1
4/08/2021,1,145,1
5/08/2021,9,10,1
5/08/2021,9,78,1
5/08/2021,11,1,1
6/08/2021,8,189,1
7/08/2021,10,2,1
7/08/2021,4,289,1
7/08/2021,3,283,1
7/08/2021,2,165,1
7/08/2021,5,199,1
8/08/2021,11,62,1
8/08/2021,14,36,1
9/08/2021,14,285,1
9/08/2021,15,17,1
9/08/2021,15,121,1
10/08/2021,6,268,1
10/08/2021,11,7,1
11/08/2021,2,75,1
11/08/2021,13,25,1
11/08/2021,9,194,1
12/08/2021,15,42,1
12/08/2021,1,184,1
12/08/2021,9,51,1
12/08/2021,11,208,1
12/08/2021,7,139,1
12/08/2021,12,54,1
12/08/2021,9,117,1
13/08/2021,10,186,1
13/08/2021,9,30,1
13/08/2021,5,260,1
13/08/2021,6,170,1
13/08/2021,10,84,1
14/08/2021,4,116,1
14/08/2021,14,223,1
14/08/2021,9,280,1
14/08/2021,8,156,1
14/08/2021,6,252,1
14/08/2021,13,55,1
15/08/2021,4,113,1
15/08/2021,10,58,1
15/08/2021,15,11,1
15/08/2021,3,129,1
15/08/2021,12,105,1
15/08/2021,11,224,1
15/08/2021,7,139,1
16/08/2021,9,15,1
16/08/2021,10,216,1
16/08/2021,14,252,1
17/08/2021,2,46,1
17/08/2021,1,128,1
17/08/2021,14,90,1
18/08/2021,3,50,1
18/08/2021,9,72,1
18/08/2021,10,272,1
19/08/2021,15,162,2
19/08/2021,13,32,1
19/08/2021,11,2,1
20/08/2021,11,144,1
20/08/2021,15,253,1
20/08/2021,10,226,1
20/08/2021,1,281,1
20/08/2021,12,229,1
21/08/2021,5,106,1
21/08/2021,7,197,1
22/08/2021,4,132,1
23/08/2021,4,118,1
23/08/2021,12,195,1
24/08/2021,3,8,1
24/08/2021,3,48,1
24/08/2021,13,265,1
24/08/2021,5,244,1
24/08/2021,6,129,1
24/08/2021,5,267,1
24/08/2021,4,165,1
24/08/2021,4,265,1
24/08/2021,1,41,1
24/08/2021,1,248,1
25/08/2021,1,189,1
25/08/2021,7,175,1
25/08/2021,11,124,1
25/08/2021,6,199,1
25/08/2021,11,33,1
25/08/2021,7,90,1
26/08/2021,8,166,1
26/08/2021,8,220,1
26/08/2021,3,27,1
26/08/2021,14,190,1
27/08/2021,12,37,1
27/08/2021,8,93,1
28/08/2021,2,197,1
28/08/2021,5,266,1
28/08/2021,8,114,1
28/08/2021,10,34,1
29/08/2021,14,185,1
29/08/2021,3,205,1
29/08/2021,14,179,1
29/08/2021,13,251,1
30/08/2021,3,223,1
30/08/2021,1,69,2
30/08/2021,15,277,1
30/08/2021,12,34,1
30/08/2021,6,282,1
30/08/2021,4,292,1
30/08/2021,7,197,1
30/08/2021,5,104,1
30/08/2021,12,203,1
31/08/2021,7,27,1
31/08/2021,15,44,1
31/08/2021,13,139,1
31/08/2021,9,140,1
1/09/2021,15,181,1
1/09/2021,15,286,1
2/09/2021,7,63,1
2/09/2021,8,247,1
3/09/2021,10,91,1
3/09/2021,10,287,1
3/09/2021,9,113,1
3/09/2021,12,266,1
3/09/2021,3,225,1
3/09/2021,9,39,1
3/09/2021,12,38,1
3/09/2021,4,47,1
4/09/2021,1,276,1
4/09/2021,11,233,1
4/09/2021,2,41,1
4/09/2021,4,30,1
5/09/2021,9,14,1
5/09/2021,6,227,1
5/09/2021,13,74,1
5/09/2021,13,155,1
5/09/2021,10,259,1
5/09/2021,11,225,1
6/09/2021,15,100,1
6/09/2021,10,91,1
6/09/2021,3,154,1
6/09/2021,15,246,1
6/09/2021,8,100,1
6/09/2021,5,177,1
7/09/2021,11,39,1
7/09/2021,11,127,1
8/09/2021,9,272,1
8/09/2021,5,235,1
8/09/2021,8,127,1
9/09/2021,2,24,1
9/09/2021,14,235,1
9/09/2021,14,26,1
9/09/2021,9,220,1
10/09/2021,15,231,1
10/09/2021,9,271,1
10/09/2021,1,251,1
10/09/2021,13,28,1
11/09/2021,14,268,1
11/09/2021,1,130,1
11/09/2021,11,168,1
12/09/2021,13,46,1
12/09/2021,1,80,1
13/09/2021,11,109,1
13/09/2021,9,82,1
13/09/2021,14,268,1
13/09/2021,6,215,1
13/09/2021,5,205,1
13/09/2021,8,210,1
14/09/2021,11,15,1
14/09/2021,6,65,1
15/09/2021,12,139,1
15/09/2021,6,203,1
15/09/2021,9,74,1
15/09/2021,15,62,1
15/09/2021,1,288,1
15/09/2021,4,176,1
16/09/2021,12,15,1
16/09/2021,6,30,1
16/09/2021,15,65,1
16/09/2021,13,47,2
16/09/2021,8,117,1
17/09/2021,2,223,1
17/09/2021,9,165,1
17/09/2021,15,212,1
18/09/2021,10,208,1
18/09/2021,2,206,1
18/09/2021,2,59,1
19/09/2021,15,248,1
19/09/2021,6,236,1
19/09/2021,4,47,1
19/09/2021,7,197,1
19/09/2021,7,108,1
20/09/2021,5,197,1
20/09/2021,13,159,1
20/09/2021,13,224,1
20/09/2021,8,241,1
21/09/2021,11,242,1
21/09/2021,3,173,1
21/09/2021,14,73,1
21/09/2021,13,64,1
22/09/2021,9,106,1
23/09/2021,14,70,1
23/09/2021,8,286,1
23/09/2021,1,56,1
23/09/2021,8,265,1
23/09/2021,10,1,1
24/09/2021,10,89,1
24/09/2021,6,80,1
24/09/2021,14,108,1
24/09/2021,12,156,1
25/09/2021,3,228,1
25/09/2021,7,6,1
26/09/2021,4,82,1
26/09/2021,4,255,1
26/09/2021,7,272,1
26/09/2021,14,212,1
26/09/2021,9,68,1
26/09/2021,15,10,1
26/09/2021,4,126,1
26/09/2021,5,127,1
26/09/2021,6,4,1
26/09/2021,11,185,1
27/09/2021,11,216,1
27/09/2021,5,255,1
28/09/2021,15,74,1
28/09/2021,14,21,1
28/09/2021,2,63,1
28/09/2021,9,291,1
29/09/2021,6,80,1
29/09/2021,13,192,1
30/09/2021,14,201,1
30/09/2021,12,109,1
30/09/2021,5,6,2
30/09/2021,7,256,1
30/09/2021,14,258,1
30/09/2021,8,109,1
1/10/2021,3,266,1
1/10/2021,6,237,1
1/10/2021,14,159,1
1/10/2021,10,249,1
1/10/2021,10,37,1
2/10/2021,6,132,1
2/10/2021,12,170,1
2/10/2021,8,72,1
2/10/2021,5,120,1
2/10/2021,14,260,1
2/10/2021,3,275,1
3/10/2021,9,135,1
4/10/2021,14,251,1
4/10/2021,5,129,1
4/10/2021,10,283,1
4/10/2021,12,66,1
5/10/2021,1,69,1
5/10/2021,15,196,1
5/10/2021,14,281,1
6/10/2021,5,64,1
6/10/2021,13,179,1
6/10/2021,10,45,1
6/10/2021,8,179,1
6/10/2021,12,228,1
6/10/2021,10,97,1
7/10/2021,11,83,1
7/10/2021,8,79,1
8/10/2021,9,31,1
8/10/2021,5,79,1
8/10/2021,5,280,1
8/10/2021,1,177,1
9/10/2021,11,167,1
9/10/2021,3,2,1
9/10/2021,11,244,1
9/10/2021,8,73,1
9/10/2021,11,168,1
9/10/2021,1,189,1
9/10/2021,6,53,1
9/10/2021,1,271,1
9/10/2021,1,217,1
9/10/2021,10,130,1
10/10/2021,15,259,1
10/10/2021,5,55,1
10/10/2021,14,248,1
10/10/2021,14,124,1
10/10/2021,9,134,1
10/10/2021,1,215,1
10/10/2021,14,153,1
10/10/2021,9,91,1
11/10/2021,7,263,1
11/10/2021,6,14,1
11/10/2021,1,282,1
11/10/2021,8,189,1
12/10/2021,9,41,1
12/10/2021,3,156,1
12/10/2021,6,53,1
12/10/2021,4,92,1
12/10/2021,6,51,1
12/10/2021,10,286,1
13/10/2021,5,250,1
13/10/2021,4,175,1
13/10/2021,11,160,1
14/10/2021,1,41,1
14/10/2021,10,66,1
14/10/2021,9,190,1
15/10/2021,13,78,1
15/10/2021,2,116,1
16/10/2021,6,214,1
16/10/2021,1,77,1
16/10/2021,14,74,1
16/10/2021,3,142,1
17/10/2021,8,248,1
17/10/2021,13,70,1
17/10/2021,7,167,1
17/10/2021,2,189,1
18/10/2021,14,75,1
19/10/2021,2,239,1
19/10/2021,15,127,1
19/10/2021,15,267,1
20/10/2021,11,149,1
20/10/2021,2,277,1
20/10/2021,8,42,1
20/10/2021,9,235,1
20/10/2021,11,132,1
21/10/2021,3,10,1
21/10/2021,5,106,1
21/10/2021,4,130,1
21/10/2021,12,278,1
21/10/2021,12,120,1
22/10/2021,4,42,1
22/10/2021,15,213,1
22/10/2021,3,273,1
22/10/2021,5,53,1
22/10/2021,5,253,1
23/10/2021,3,123,1
23/10/2021,7,249,1
23/10/2021,6,278,1
24/10/2021,14,277,1
24/10/2021,1,213,1
24/10/2021,3,279,1
25/10/2021,14,136,1
25/10/2021,13,220,1
25/10/2021,5,63,1
25/10/2021,7,49,1
25/10/2021,6,95,1
26/10/2021,4,193,1
26/10/2021,8,59,1
26/10/2021,3,49,1
26/10/2021,12,136,1
26/10/2021,5,218,1
26/10/2021,14,204,1
26/10/2021,7,48,1
27/10/2021,5,161,1
27/10/2021,1,111,1
28/10/2021,7,263,1
28/10/2021,2,71,1
28/10/2021,14,150,1
28/10/2021,11,152,1
28/10/2021,6,30,1
28/10/2021,1,30,1
28/10/2021,7,189,1
29/10/2021,8,131,1
29/10/2021,5,232,1
29/10/2021,15,139,1
29/10/2021,11,129,1
29/10/2021,10,251,1
30/10/2021,15,185,1
30/10/2021,11,241,1
30/10/2021,7,161,1
30/10/2021,3,134,1
31/10/2021,5,80,1
31/10/2021,7,225,1
31/10/2021,9,78,1
31/10/2021,4,131,1
31/10/2021,6,229,1
31/10/2021,4,13,1
31/10/2021,7,29,1
1/11/2021,14,285,1
1/11/2021,3,139,1
1/11/2021,15,158,1
1/11/2021,4,80,1
2/11/2021,14,274,1
2/11/2021,4,161,1
2/11/2021,10,203,1
2/11/2021,15,186,1
2/11/2021,8,39,1
3/11/2021,9,146,1
3/11/2021,4,143,1
3/11/2021,7,188,1
3/11/2021,3,32,1
4/11/2021,5,70,1
4/11/2021,15,249,1
5/11/2021,10,236,1
5/11/2021,7,193,1
5/11/2021,13,24,1
6/11/2021,2,269,1
6/11/2021,15,253,2
7/11/2021,9,192,1
7/11/2021,8,187,2
7/11/2021,2,5,1
7/11/2021,3,24,1
7/11/2021,1,250,1
7/11/2021,8,73,1
7/11/2021,7,181,1
7/11/2021,1,139,1
7/11/2021,3,204,1
8/11/2021,11,97,1
8/11/2021,11,124,1
8/11/2021,10,53,1
9/11/2021,14,71,1
9/11/2021,9,241,1
9/11/2021,11,249,1
9/11/2021,11,37,1
10/11/2021,14,159,1
10/11/2021,5,51,1
10/11/2021,8,177,1
10/11/2021,4,247,1
10/11/2021,5,81,1
11/11/2021,8,68,1
12/11/2021,9,86,1
12/11/2021,8,257,1
12/11/2021,7,217,1
12/11/2021,15,109,1
12/11/2021,10,21,1
13/11/2021,11,67,1
13/11/2021,4,236,1
13/11/2021,8,143,1
14/11/2021,1,107,1
14/11/2021,5,74,1
14/11/2021,12,197,1
14/11/2021,2,261,1
14/11/2021,15,69,1
14/11/2021,12,250,1
14/11/2021,8,60,1
14/11/2021,6,178,1
14/11/2021,8,242,1
15/11/2021,8,172,1
15/11/2021,13,163,1
15/11/2021,2,210,1
16/11/2021,2,104,1
16/11/2021,3,174,1
17/11/2021,10,201,1
17/11/2021,11,276,1
17/11/2021,4,18,1
17/11/2021,3,57,1
17/11/2021,6,133,1
18/11/2021,15,269,1
18/11/2021,8,238,1
18/11/2021,8,146,1
18/11/2021,13,153,1
18/11/2021,6,168,1
18/11/2021,3,104,1
18/11/2021,4,182,1
18/11/2021,9,155,1
18/11/2021,11,200,1
19/11/2021,14,63,1
19/11/2021,5,29,1
19/11/2021,14,170,1
19/11/2021,8,235,1
19/11/2021,5,202,1
19/11/2021,3,83,1
19/11/2021,12,33,1
19/11/2021,14,293,1
20/11/2021,12,152,1
20/11/2021,12,202,1
20/11/2021,14,78,1
20/11/2021,12,141,1
20/11/2021,6,144,1
21/11/2021,11,273,1
21/11/2021,4,243,1
21/11/2021,14,267,1
21/11/2021,6,189,1
22/11/2021,13,128,1
22/11/2021,6,170,1
22/11/2021,3,222,1
22/11/2021,6,182,1
22/11/2021,9,101,1
23/11/2021,10,12,1
23/11/2021,1,164,1
23/11/2021,11,154,1
23/11/2021,12,194,1
23/11/2021,15,58,1
24/11/2021,10,288,1
24/11/2021,15,264,1
24/11/2021,2,26,1
24/11/2021,14,265,1
24/11/2021,6,165,1
25/11/2021,8,180,1
25/11/2021,6,196,1
25/11/2021,1,222,1
26/11/2021,3,66,1
26/11/2021,5,221,1
26/11/2021,6,264,1
27/11/2021,2,63,1
27/11/2021,1,231,1
28/11/2021,14,256,1
28/11/2021,2,266,1
28/11/2021,6,121,1
28/11/2021,2,108,1
28/11/2021,8,202,1
28/11/2021,8,135,1
28/11/2021,7,129,1
28/11/2021,14,91,1
29/11/2021,8,37,1
29/11/2021,2,44,1
29/11/2021,3,136,1
30/11/2021,1,107,1
30/11/2021,2,147,1
30/11/2021,10,257,1
30/11/2021,7,16,1
30/11/2021,1,162,1
1/12/2021,13,91,1
1/12/2021,2,141,1
1/12/2021,9,157,1
1/12/2021,9,10,1
1/12/2021,7,268,1
1/12/2021,5,217,1
1/12/2021,7,145,1
1/12/2021,11,189,1
2/12/2021,5,277,1
3/12/2021,3,81,1
3/12/2021,10,99,1
3/12/2021,1,241,1
3/12/2021,9,56,1
3/12/2021,13,62,1
3/12/2021,13,280,1
4/12/2021,11,160,1
4/12/2021,7,32,1
4/12/2021,11,252,1
4/12/2021,12,144,1
5/12/2021,5,153,1
5/12/2021,10,211,1
5/12/2021,7,17,1
5/12/2021,13,172,1
5/12/2021,11,194,1
5/12/2021,5,63,1
5/12/2021,14,81,1
6/12/2021,1,54,1
6/12/2021,2,214,1
6/12/2021,8,52,1
6/12/2021,10,219,1
7/12/2021,1,146,1
7/12/2021,11,5,1
7/12/2021,6,232,1
7/12/2021,12,55,1
7/12/2021,11,16,1
7/12/2021,14,276,1
7/12/2021,9,147,1
7/12/2021,7,286,1
8/12/2021,4,214,1
8/12/2021,3,236,1
8/12/2021,6,120,1
8/12/2021,5,225,1
9/12/2021,4,123,1
9/12/2021,1,230,1
9/12/2021,7,138,1
9/12/2021,3,264,1
9/12/2021,3,175,1
9/12/2021,3,131,1
9/12/2021,3,165,1
9/12/2021,1,208,1
9/12/2021,7,88,1
10/12/2021,13,133,1
10/12/2021,10,2,1
11/12/2021,13,135,1
11/12/2021,6,197,1
11/12/2021,5,283,1
12/12/2021,2,5,1
12/12/2021,9,278,1
12/12/2021,8,213,1
12/12/2021,12,187,1
12/12/2021,14,291,1
12/12/2021,4,32,1
12/12/2021,2,169,1
13/12/2021,12,254,1
13/12/2021,6,222,1
13/12/2021,8,203,1
13/12/2021,13,182,1
13/12/2021,13,20,1
13/12/2021,7,182,1
13/12/2021,7,137,1
14/12/2021,5,222,1
14/12/2021,5,268,1
14/12/2021,11,173,1
15/12/2021,14,259,1
15/12/2021,6,118,1
15/12/2021,7,157,1
15/12/2021,9,232,1
15/12/2021,4,211,1
15/12/2021,7,216,1
15/12/2021,8,218,1
15/12/2021,9,203,1
15/12/2021,12,190,1
16/12/2021,8,116,1
16/12/2021,4,103,1
16/12/2021,14,26,1
16/12/2021,14,217,1
17/12/2021,8,40,1
17/12/2021,5,107,1
17/12/2021,1,168,1
17/12/2021,3,99,1
17/12/2021,5,204,1
17/12/2021,11,72,1
17/12/2021,1,87,1
18/12/2021,8,13,1
18/12/2021,11,162,1
19/12/2021,13,242,1
19/12/2021,7,159,1
19/12/2021,1,1,1
20/12/2021,11,25,1
20/12/2021,7,153,1
20/12/2021,5,217,1
20/12/2021,9,278,1
20/12/2021,14,184,1
21/12/2021,9,126,1
21/12/2021,14,64,1
21/12/2021,7,33,1
21/12/2021,6,281,1
22/12/2021,1,256,1
23/12/2021,2,97,1
23/12/2021,1,128,1
23/12/2021,4,224,1
23/12/2021,12,5,1
23/12/2021,4,21,1
24/12/2021,7,90,1
24/12/2021,1,15,1
24/12/2021,8,75,1
24/12/2021,15,24,1
24/12/2021,15,213,1
24/12/2021,9,118,1
24/12/2021,5,289,1
24/12/2021,7,9,1
25/12/2021,7,283,1
25/12/2021,10,230,1
25/12/2021,3,238,1
25/12/2021,3,20,1
25/12/2021,5,228,1
25/12/2021,4,90,1
25/12/2021,15,199,1
25/12/2021,8,222,1
25/12/2021,7,10,1
26/12/2021,4,169,1
26/12/2021,7,135,1
26/12/2021,1,285,1
26/12/2021,1,46,1
26/12/2021,2,192,1
26/12/2021,3,78,1
26/12/2021,4,260,1
27/12/2021,1,199,1
27/12/2021,4,96,1
27/12/2021,12,180,1
28/12/2021,6,92,1
28/12/2021,12,263,1
28/12/2021,6,215,1
28/12/2021,11,212,1
28/12/2021,12,72,1
28/12/2021,8,101,1
28/12/2021,2,267,1
28/12/2021,7,20,1
29/12/2021,1,194,1
29/12/2021,12,131,1
30/12/2021,8,34,1
30/12/2021,2,94,1
30/12/2021,7,217,1
30/12/2021,13,127,1
30/12/2021,1,236,1
30/12/2021,4,66,1
30/12/2021,1,52,1
31/12/2021,8,106,1
31/12/2021,4,193,1
31/12/2021,8,12,1
31/12/2021,14,252,1
31/12/2021,15,203,1
31/12/2021,7,52,1
1/01/2022,15,271,1
1/01/2022,11,277,1
1/01/2022,5,77,2
1/01/2022,1,249,1
1/01/2022,3,222,1
2/01/2022,12,1,1
2/01/2022,10,92,1
2/01/2022,7,261,1
2/01/2022,9,5,1
2/01/2022,4,273,1
2/01/2022,5,52,1
2/01/2022,2,75,1
3/01/2022,3,31,1
3/01/2022,14,236,1
3/01/2022,14,188,1
3/01/2022,15,213,1
3/01/2022,14,160,1
3/01/2022,2,21,1
4/01/2022,4,74,1
4/01/2022,12,104,1
5/01/2022,7,258,1
5/01/2022,1,102,1
5/01/2022,15,200,1
5/01/2022,12,260,1
6/01/2022,6,278,1
6/01/2022,3,124,1
6/01/2022,6,137,1
6/01/2022,13,227,1
7/01/2022,10,6,1
7/01/2022,7,174,1
7/01/2022,7,161,1
8/01/2022,14,99,1
8/01/2022,5,99,1
8/01/2022,15,206,1
8/01/2022,14,151,1
9/01/2022,15,259,1
9/01/2022,5,180,1
9/01/2022,2,2,1
9/01/2022,2,234,1
10/01/2022,4,230,1
10/01/2022,1,253,1
10/01/2022,10,39,1
10/01/2022,15,90,1
10/01/2022,10,125,1
10/01/2022,1,100,1
10/01/2022,12,132,1
11/01/2022,4,270,1
11/01/2022,3,27,1
11/01/2022,15,14,1
11/01/2022,4,151,1
11/01/2022,5,49,1
11/01/2022,14,12,1
11/01/2022,9,21,1
11/01/2022,5,72,1
11/01/2022,3,99,1
11/01/2022,8,82,1
11/01/2022,2,245,1
12/01/2022,15,44,1
12/01/2022,3,158,1
12/01/2022,1,284,1
12/01/2022,15,95,1
13/01/2022,8,266,1
13/01/2022,3,6,1
14/01/2022,11,129,1
14/01/2022,5,48,1
14/01/2022,9,88,1
14/01/2022,2,31,1
14/01/2022,15,281,1
15/01/2022,13,116,1
15/01/2022,13,4,1
15/01/2022,11,20,1
15/01/2022,15,119,1
15/01/2022,3,52,1
15/01/2022,2,102,1
15/01/2022,12,188,1
15/01/2022,12,169,1
15/01/2022,14,264,1
16/01/2022,8,177,1
16/01/2022,13,282,1
17/01/2022,7,269,1
17/01/2022,11,199,1
17/01/2022,5,206,1
17/01/2022,3,74,1
17/01/2022,12,155,1
17/01/2022,3,52,1
17/01/2022,6,168,1
17/01/2022,12,276,1
18/01/2022,2,89,1
18/01/2022,9,30,1
18/01/2022,12,259,1
18/01/2022,8,161,2
18/01/2022,10,70,1
18/01/2022,1,78,1
18/01/2022,9,249,1
18/01/2022,9,211,1
18/01/2022,11,139,1
19/01/2022,7,32,1
19/01/2022,13,248,1
19/01/2022,6,232,1
19/01/2022,1,70,1
19/01/2022,13,116,1
20/01/2022,1,174,1
20/01/2022,7,257,1
20/01/2022,7,134,1
20/01/2022,13,27,1
20/01/2022,5,65,1
20/01/2022,13,105,1
21/01/2022,11,216,1
21/01/2022,9,204,1
21/01/2022,3,108,1
21/01/2022,15,209,1
21/01/2022,12,159,1
22/01/2022,10,145,1
22/01/2022,5,55,1
22/01/2022,10,292,1
22/01/2022,7,87,1
22/01/2022,8,171,1
22/01/2022,1,175,1
22/01/2022,8,32,1
23/01/2022,15,36,1
23/01/2022,13,259,1
24/01/2022,7,139,1
24/01/2022,7,180,2
25/01/2022,3,258,1
25/01/2022,8,147,1
26/01/2022,1,31,1
26/01/2022,10,139,1
26/01/2022,15,136,1
26/01/2022,15,96,1
26/01/2022,2,50,1
26/01/2022,5,85,1
27/01/2022,14,9,1
27/01/2022,9,142,1
27/01/2022,14,4,1
28/01/2022,14,247,1
28/01/2022,7,149,1
28/01/2022,13,163,1
28/01/2022,10,214,1
28/01/2022,4,24,1
28/01/2022,10,199,1
28/01/2022,7,68,1
28/01/2022,7,41,1
28/01/2022,15,56,1
29/01/2022,10,50,1
29/01/2022,14,7,1
29/01/2022,15,150,1
29/01/2022,11,136,1
29/01/2022,8,215,1
29/01/2022,5,174,1
30/01/2022,4,61,1
30/01/2022,8,2,1
31/01/2022,10,239,1
31/01/2022,13,11,1
31/01/2022,9,64,1
31/01/2022,9,60,1
1/02/2022,10,193,1
1/02/2022,4,71,1
1/02/2022,14,135,1
1/02/2022,12,200,1
1/02/2022,6,9,1
1/02/2022,3,109,1
1/02/2022,13,160,1
2/02/2022,5,199,1
2/02/2022,14,263,1
2/02/2022,13,39,1
2/02/2022,15,14,1
3/02/2022,13,160,1
4/02/2022,15,264,1
4/02/2022,4,195,2
4/02/2022,15,280,1
5/02/2022,3,103,1
5/02/2022,15,193,1
5/02/2022,12,79,1
5/02/2022,6,162,1
5/02/2022,12,258,1
5/02/2022,3,139,1
5/02/2022,1,273,1
5/02/2022,3,282,1
6/02/2022,3,127,1
6/02/2022,5,19,1
6/02/2022,15,291,1
6/02/2022,8,164,1
6/02/2022,11,67,1
6/02/2022,3,69,1
6/02/2022,6,261,1
6/02/2022,2,24,1
6/02/2022,6,118,1
7/02/2022,8,157,1
7/02/2022,7,100,1
7/02/2022,6,107,1
7/02/2022,12,285,1
7/02/2022,1,256,1
7/02/2022,5,270,1
7/02/2022,2,233,1
7/02/2022,15,204,1
7/02/2022,11,152,1
8/02/2022,8,42,1
8/02/2022,9,45,1
8/02/2022,4,112,1
8/02/2022,14,219,1
8/02/2022,5,78,1
9/02/2022,1,201,1
9/02/2022,1,153,1
9/02/2022,3,259,1
10/02/2022,1,84,1
10/02/2022,11,98,1
11/02/2022,11,190,1
11/02/2022,9,131,1
11/02/2022,14,278,2
11/02/2022,4,229,1
11/02/2022,5,223,1
11/02/2022,9,254,1
12/02/2022,8,199,1
12/02/2022,14,280,1
12/02/2022,2,33,1
12/02/2022,7,166,1
12/02/2022,9,263,1
12/02/2022,15,172,1
12/02/2022,5,93,1
12/02/2022,10,224,1
13/02/2022,2,40,1
13/02/2022,14,42,1
13/02/2022,2,207,1
14/02/2022,7,110,1
14/02/2022,5,206,1
14/02/2022,15,19,1
14/02/2022,12,6,1
14/02/2022,10,6,1
14/02/2022,12,177,1
15/02/2022,7,126,1
15/02/2022,9,35,1
15/02/2022,1,205,1
15/02/2022,14,292,1
15/02/2022,2,251,1
16/02/2022,15,266,1
17/02/2022,9,181,1
17/02/2022,9,132,1
17/02/2022,3,101,1
17/02/2022,10,247,1
17/02/2022,5,162,2
17/02/2022,4,158,1
17/02/2022,13,205,1
17/02/2022,1,112,1
17/02/2022,1,134,1
18/02/2022,10,51,1
18/02/2022,12,193,1
19/02/2022,10,120,1
19/02/2022,4,212,1
19/02/2022,6,240,1
19/02/2022,15,147,1
19/02/2022,3,136,1
20/02/2022,9,154,1
20/02/2022,2,250,1
20/02/2022,15,148,1
20/02/2022,8,190,1
20/02/2022,15,190,1
20/02/2022,11,3,1
20/02/2022,3,288,1
20/02/2022,1,228,1
21/02/2022,12,205,1
21/02/2022,8,16,1
21/02/2022,12,145,1
22/02/2022,14,221,1
22/02/2022,11,17,1
22/02/2022,6,7,1
22/02/2022,8,207,1
22/02/2022,12,145,1
23/02/2022,3,95,1
23/02/2022,10,159,1
23/02/2022,13,279,1
23/02/2022,14,44,1
23/02/2022,7,167,1
23/02/2022,4,29,1
24/02/2022,5,96,1
24/02/2022,15,232,1
24/02/2022,8,193,1
24/02/2022,14,282,1
24/02/2022,7,127,1
24/02/2022,2,139,1
24/02/2022,7,27,1
24/02/2022,12,59,1
24/02/2022,6,238,2
24/02/2022,15,189,1
25/02/2022,10,111,1
25/02/2022,5,218,1
25/02/2022,13,208,1
26/02/2022,3,69,1
26/02/2022,12,60,1
26/02/2022,9,242,1
26/02/2022,10,121,1
27/02/2022,9,198,1
27/02/2022,5,22,1
27/02/2022,14,59,1
27/02/2022,5,39,1
27/02/2022,9,33,1
27/02/2022,13,133,1
27/02/2022,7,13,1
27/02/2022,8,276,1
27/02/2022,8,57,1
28/02/2022,5,9,1
28/02/2022,2,1,1
28/02/2022,9,253,1
28/02/2022,8,188,1
28/02/2022,6,221,1
28/02/2022,11,148,1
1/03/2022,14,177,2
1/03/2022,6,237,1
1/03/2022,8,251,1
1/03/2022,2,269,1
1/03/2022,3,252,1
1/03/2022,8,42,1
1/03/2022,5,41,1
1/03/2022,2,267,1
1/03/2022,5,123,1
1/03/2022,10,173,1
2/03/2022,14,282,1
2/03/2022,15,235,1
2/03/2022,11,187,1
2/03/2022,7,128,1
3/03/2022,5,287,1
3/03/2022,11,283,1
3/03/2022,5,66,1
3/03/2022,14,149,1
3/03/2022,15,155,1
3/03/2022,11,23,1
4/03/2022,2,99,1
4/03/2022,4,103,1
4/03/2022,9,61,1
4/03/2022,10,192,1
4/03/2022,12,77,1
5/03/2022,5,184,1
5/03/2022,15,49,1
5/03/2022,14,79,1
5/03/2022,1,129,1
6/03/2022,13,174,1
6/03/2022,14,13,1
7/03/2022,8,282,1
7/03/2022,7,175,1
7/03/2022,7,121,1
7/03/2022,3,123,1
7/03/2022,2,243,1
7/03/2022,4,147,1
8/03/2022,13,134,1
8/03/2022,15,185,1
8/03/2022,1,138,1
8/03/2022,6,259,1
8/03/2022,10,34,1
8/03/2022,3,226,1
9/03/2022,5,292,1
9/03/2022,10,74,1
9/03/2022,15,38,1
9/03/2022,3,288,1
9/03/2022,3,81,1
9/03/2022,2,273,1
10/03/2022,14,289,1
10/03/2022,10,229,1
11/03/2022,7,258,1
11/03/2022,5,19,1
11/03/2022,6,277,1
11/03/2022,4,270,1
12/03/2022,14,65,1
12/03/2022,1,97,1
12/03/2022,11,248,1
12/03/2022,14,133,1
12/03/2022,15,293,1
13/03/2022,3,80,1
13/03/2022,10,151,1
13/03/2022,3,239,2
13/03/2022,13,97,1
13/03/2022,2,239,1
14/03/2022,6,87,1
14/03/2022,11,227,1
14/03/2022,12,249,1
14/03/2022,7,161,1
14/03/2022,5,142,1
15/03/2022,4,52,1
15/03/2022,12,48,1
16/03/2022,8,226,1
16/03/2022,3,186,1
16/03/2022,11,196,1
16/03/2022,9,205,1
16/03/2022,10,191,1
16/03/2022,2,166,1
17/03/2022,4,45,1
17/03/2022,14,78,1
17/03/2022,1,76,1
17/03/2022,9,279,1
18/03/2022,14,23,1
18/03/2022,1,78,1
18/03/2022,4,74,1
18/03/2022,9,132,1
18/03/2022,10,43,1
18/03/2022,11,122,1
18/03/2022,4,37,1
18/03/2022,8,42,1
19/03/2022,10,266,1
19/03/2022,9,111,1
19/03/2022,12,96,1
19/03/2022,1,243,1
20/03/2022,11,157,1
20/03/2022,8,149,1
20/03/2022,1,143,1
20/03/2022,11,287,1
20/03/2022,5,212,1
20/03/2022,2,32,1
21/03/2022,8,110,1
21/03/2022,9,39,1
21/03/2022,4,229,1
21/03/2022,10,249,1
21/03/2022,7,25,1
21/03/2022,14,237,1
21/03/2022,3,36,1
22/03/2022,15,207,1
22/03/2022,2,247,1
22/03/2022,13,187,1
22/03/2022,2,90,1
22/03/2022,4,269,1
23/03/2022,15,268,1
23/03/2022,15,19,1
23/03/2022,10,22,1
24/03/2022,9,129,1
25/03/2022,7,24,1
25/03/2022,11,38,1
25/03/2022,12,207,1
25/03/2022,3,96,1
25/03/2022,2,230,1
26/03/2022,5,292,1
26/03/2022,10,288,1
26/03/2022,8,139,1
26/03/2022,14,250,1
27/03/2022,13,52,1
27/03/2022,8,80,1
27/03/2022,10,175,1
27/03/2022,1,31,1
27/03/2022,1,267,1
27/03/2022,9,96,1
27/03/2022,1,232,1
28/03/2022,9,83,1
28/03/2022,10,39,1
28/03/2022,2,76,1
28/03/2022,8,58,1
28/03/2022,10,197,1
28/03/2022,8,145,1
28/03/2022,7,44,1
28/03/2022,2,131,1
29/03/2022,12,6,1
29/03/2022,10,37,1
29/03/2022,4,52,1
29/03/2022,10,255,1
29/03/2022,12,273,1
29/03/2022,12,214,1
29/03/2022,2,291,1
29/03/2022,14,275,1
30/03/2022,14,75,1
30/03/2022,4,259,1
30/03/2022,14,95,1
30/03/2022,2,162,1
30/03/2022,12,43,1
31/03/2022,2,86,1
31/03/2022,8,122,1
31/03/2022,6,71,1
31/03/2022,1,284,1
31/03/2022,7,219,1
1/04/2022,8,190,1
1/04/2022,4,261,1
1/04/2022,11,138,1
1/04/2022,8,88,1
1/04/2022,10,262,1
1/04/2022,12,230,1
2/04/2022,13,58,1
2/04/2022,15,239,1
3/04/2022,4,5,1
3/04/2022,12,218,1
3/04/2022,5,186,1
3/04/2022,15,224,1
3/04/2022,4,182,1
3/04/2022,3,102,1
3/04/2022,3,226,1
3/04/2022,2,260,1
4/04/2022,7,76,1
4/04/2022,8,11,1
4/04/2022,2,232,1
4/04/2022,6,142,1
4/04/2022,5,239,1
4/04/2022,7,177,1
5/04/2022,3,208,1
5/04/2022,1,112,1
5/04/2022,12,40,1
6/04/2022,8,286,1
6/04/2022,7,202,1
6/04/2022,5,139,1
6/04/2022,10,262,1
6/04/2022,3,161,2
6/04/2022,7,199,1
6/04/2022,12,178,1
7/04/2022,7,245,1
7/04/2022,11,47,1
7/04/2022,8,57,1
7/04/2022,1,279,1
7/04/2022,12,132,1
8/04/2022,7,154,1
8/04/2022,4,274,1
8/04/2022,8,185,1
8/04/2022,11,29,1
8/04/2022,15,166,1
9/04/2022,13,133,1
9/04/2022,15,190,1
10/04/2022,4,116,1
10/04/2022,8,167,1
10/04/2022,10,199,1
10/04/2022,1,293,1
10/04/2022,13,56,1
10/04/2022,9,130,1
10/04/2022,3,17,1
11/04/2022,9,165,1
11/04/2022,11,130,1
11/04/2022,1,7,1
11/04/2022,5,121,1
11/04/2022,13,229,1
11/04/2022,10,292,1
11/04/2022,11,172,1
11/04/2022,9,40,1
12/04/2022,11,261,1
12/04/2022,8,262,1
12/04/2022,2,177,1
12/04/2022,12,178,1
12/04/2022,12,188,1
12/04/2022,13,225,1
13/04/2022,6,236,1
13/04/2022,12,194,2
13/04/2022,7,204,1
14/04/2022,1,243,1
14/04/2022,15,88,1
14/04/2022,6,174,1
14/04/2022,10,114,1
14/04/2022,13,218,1
15/04/2022,3,200,1
15/04/2022,1,243,1
15/04/2022,3,162,1
15/04/2022,11,216,1
15/04/2022,15,104,1
16/04/2022,3,117,1
16/04/2022,12,99,1
16/04/2022,3,109,1
16/04/2022,3,45,1
17/04/2022,12,68,1
17/04/2022,12,102,1
17/04/2022,2,247,1
17/04/2022,15,214,1
17/04/2022,11,129,1
18/04/2022,10,197,1
18/04/2022,5,160,1
18/04/2022,1,176,1
18/04/2022,4,18,1
18/04/2022,13,282,1
18/04/2022,11,44,1
19/04/2022,13,208,1
19/04/2022,6,252,1
19/04/2022,9,189,1
19/04/2022,7,196,1
19/04/2022,3,229,1
19/04/2022,2,154,1
20/04/2022,14,276,1
20/04/2022,14,219,1
21/04/2022,14,28,1
21/04/2022,8,169,1
21/04/2022,3,111,1
22/04/2022,8,39,1
22/04/2022,12,231,1
22/04/2022,13,286,1
22/04/2022,4,36,1
23/04/2022,14,241,1
23/04/2022,4,70,1
23/04/2022,10,283,1
23/04/2022,9,39,1
23/04/2022,11,90,1
23/04/2022,10,272,1
23/04/2022,1,66,1
23/04/2022,9,133,1
23/04/2022,13,211,1
24/04/2022,3,222,1
24/04/2022,15,49,1
24/04/2022,5,194,1
24/04/2022,10,218,1
24/04/2022,3,180,1
24/04/2022,13,91,1
25/04/2022,13,141,1
25/04/2022,4,157,1
25/04/2022,11,254,1
25/04/2022,13,186,1
25/04/2022,8,191,1
25/04/2022,11,126,1
25/04/2022,13,92,1
25/04/2022,3,231,1
26/04/2022,3,1,1
26/04/2022,5,201,1
26/04/2022,9,109,1
26/04/2022,5,209,1
26/04/2022,10,289,1
26/04/2022,14,18,1
27/04/2022,9,135,1
27/04/2022,14,268,1
27/04/2022,4,190,1
27/04/2022,6,78,1
27/04/2022,5,234,1
27/04/2022,2,257,1
27/04/2022,2,57,1
28/04/2022,7,283,1
28/04/2022,12,135,1
28/04/2022,5,74,1
28/04/2022,9,131,1
28/04/2022,3,257,1
28/04/2022,12,93,1
28/04/2022,9,70,1
29/04/2022,13,253,1
29/04/2022,6,285,1
29/04/2022,10,110,1
29/04/2022,10,234,1
29/04/2022,12,50,1
30/04/2022,1,39,1
30/04/2022,8,49,1
30/04/2022,1,268,1
30/04/2022,8,42,1
30/04/2022,1,123,1
30/04/2022,6,268,1
1/05/2022,15,120,1
1/05/2022,3,147,1
1/05/2022,9,151,1
1/05/2022,4,238,1
2/05/2022,1,82,1
2/05/2022,13,266,1
2/05/2022,12,33,1
2/05/2022,7,285,1
3/05/2022,8,65,1
4/05/2022,7,172,1
4/05/2022,7,110,1
4/05/2022,12,187,1
4/05/2022,10,181,1
4/05/2022,15,9,1
5/05/2022,11,18,1
5/05/2022,1,152,1
5/05/2022,15,38,1
5/05/2022,12,264,1
5/05/2022,7,5,1
5/05/2022,14,184,1
5/05/2022,4,134,1
6/05/2022,4,80,1
6/05/2022,10,126,1
6/05/2022,3,138,1
6/05/2022,4,208,1
6/05/2022,5,158,1
6/05/2022,13,156,1
6/05/2022,5,226,1
6/05/2022,11,237,1
7/05/2022,6,13,1
7/05/2022,14,199,1
7/05/2022,2,198,1
8/05/2022,15,226,1
8/05/2022,6,195,1
8/05/2022,4,288,1
8/05/2022,10,265,1
9/05/2022,14,52,1
9/05/2022,13,19,1
9/05/2022,5,16,1
9/05/2022,15,69,1
9/05/2022,14,98,1
9/05/2022,10,108,1
9/05/2022,9,232,1
10/05/2022,13,227,1
10/05/2022,12,39,1
10/05/2022,10,25,1
10/05/2022,8,180,1
10/05/2022,6,156,1
10/05/2022,4,26,1
11/05/2022,10,192,1
11/05/2022,10,249,1
11/05/2022,9,124,1
11/05/2022,8,33,1
12/05/2022,2,166,1
12/05/2022,7,272,1
12/05/2022,9,96,1
12/05/2022,6,232,1
12/05/2022,11,185,1
12/05/2022,3,111,1
13/05/2022,6,288,1
14/05/2022,12,109,1
14/05/2022,8,93,1
14/05/2022,14,247,1
14/05/2022,5,237,1
14/05/2022,8,191,1
14/05/2022,4,4,1
14/05/2022,5,254,1
15/05/2022,14,26,1
15/05/2022,9,252,1
15/05/2022,8,88,1
15/05/2022,14,5,1
15/05/2022,11,282,1
15/05/2022,6,205,1
16/05/2022,6,269,1
16/05/2022,4,20,1
16/05/2022,4,37,1
16/05/2022,1,210,1
16/05/2022,8,167,1
16/05/2022,5,229,1
16/05/2022,5,75,1
17/05/2022,6,38,1
17/05/2022,5,11,1
17/05/2022,13,228,1
17/05/2022,9,171,1
17/05/2022,15,216,1
18/05/2022,8,70,1
19/05/2022,12,87,1
19/05/2022,9,236,1
19/05/2022,12,191,1
19/05/2022,9,166,1
20/05/2022,12,279,1
20/05/2022,2,280,1
20/05/2022,6,112,1
20/05/2022,12,139,1
20/05/2022,13,5,1
21/05/2022,7,107,1
21/05/2022,15,28,1
21/05/2022,10,59,1
21/05/2022,6,53,1
21/05/2022,7,86,1
21/05/2022,7,194,1
22/05/2022,3,205,1
22/05/2022,6,71,1
22/05/2022,7,139,1
22/05/2022,4,273,1
23/05/2022,14,292,1
23/05/2022,8,269,1
23/05/2022,13,161,1
23/05/2022,7,133,1
23/05/2022,8,34,1
24/05/2022,5,248,1
24/05/2022,1,179,1
24/05/2022,12,153,1
24/05/2022,2,36,1
24/05/2022,12,284,1
24/05/2022,6,76,1
24/05/2022,15,138,1
25/05/2022,9,111,1
25/05/2022,2,130,1
25/05/2022,13,245,1
25/05/2022,15,99,1
25/05/2022,4,62,1
25/05/2022,1,164,1
26/05/2022,8,87,1
26/05/2022,2,243,1
26/05/2022,9,263,1
26/05/2022,12,188,1
26/05/2022,5,238,1
26/05/2022,2,231,1
26/05/2022,12,183,1
26/05/2022,2,95,1
27/05/2022,12,67,1
27/05/2022,10,252,1
27/05/2022,5,134,1
27/05/2022,15,164,1
28/05/2022,4,293,1
28/05/2022,15,81,1
28/05/2022,14,242,1
28/05/2022,5,70,1
28/05/2022,11,112,1
28/05/2022,9,131,1
28/05/2022,6,34,1
29/05/2022,8,183,1
29/05/2022,1,126,1
29/05/2022,14,51,1
29/05/2022,15,229,1
29/05/2022,9,104,1
29/05/2022,5,172,1
29/05/2022,2,241,1
29/05/2022,1,208,1
30/05/2022,14,150,1
30/05/2022,13,288,1
30/05/2022,13,185,1
30/05/2022,5,239,1
30/05/2022,4,226,1
30/05/2022,9,11,1
30/05/2022,13,286,1
30/05/2022,7,148,1
30/05/2022,8,13,1
30/05/2022,15,67,1
30/05/2022,15,189,1
31/05/2022,9,135,1
31/05/2022,10,245,1
31/05/2022,10,148,1
31/05/2022,14,148,1
31/05/2022,8,31,1
31/05/2022,12,204,1
31/05/2022,15,35,1
31/05/2022,1,241,1
1/06/2022,3,203,1
1/06/2022,7,268,1
1/06/2022,8,271,1
2/06/2022,15,42,1
2/06/2022,7,181,1
3/06/2022,8,120,1
3/06/2022,9,115,1
3/06/2022,1,189,1
3/06/2022,4,272,1
3/06/2022,1,288,1
3/06/2022,14,58,1
3/06/2022,8,223,1
4/06/2022,8,183,1
5/06/2022,7,292,1
5/06/2022,9,69,1
5/06/2022,7,115,1
6/06/2022,9,158,1
6/06/2022,1,125,1
6/06/2022,7,10,1
6/06/2022,1,65,1
6/06/2022,13,215,1
6/06/2022,1,241,1
7/06/2022,7,192,1
7/06/2022,6,238,1
7/06/2022,10,161,1
7/06/2022,7,34,1
7/06/2022,14,148,1
7/06/2022,15,249,1
7/06/2022,8,205,1
7/06/2022,12,107,1
7/06/2022,5,13,1
7/06/2022,5,72,1
7/06/2022,14,157,1
7/06/2022,6,159,1
8/06/2022,15,157,1
8/06/2022,7,72,1
8/06/2022,14,222,1
8/06/2022,6,175,1
8/06/2022,2,281,1
8/06/2022,4,60,1
8/06/2022,1,224,1
9/06/2022,11,102,1
9/06/2022,13,4,1
9/06/2022,12,63,1
9/06/2022,11,100,1
9/06/2022,6,183,1
9/06/2022,11,145,1
10/06/2022,10,45,1
10/06/2022,11,83,1
10/06/2022,2,162,1
10/06/2022,6,86,1
11/06/2022,10,280,1
11/06/2022,3,209,1
11/06/2022,6,212,1
11/06/2022,1,84,1
11/06/2022,12,244,1
11/06/2022,9,99,1
12/06/2022,9,157,1
12/06/2022,15,46,1
12/06/2022,12,245,1
12/06/2022,2,262,1
12/06/2022,11,205,1
13/06/2022,13,261,1
13/06/2022,9,176,1
13/06/2022,2,277,1
13/06/2022,12,17,1
13/06/2022,12,162,1
14/06/2022,7,68,1
14/06/2022,9,116,1
14/06/2022,6,22,1
14/06/2022,11,38,1
14/06/2022,3,45,1
14/06/2022,13,172,1
14/06/2022,7,62,1
15/06/2022,3,10,1
15/06/2022,1,5,1
15/06/2022,12,23,1
15/06/2022,14,43,1
15/06/2022,10,54,1
15/06/2022,8,88,1
15/06/2022,2,118,1
15/06/2022,9,187,1
16/06/2022,8,147,1
16/06/2022,15,16,1
16/06/2022,2,31,1
16/06/2022,3,36,1
16/06/2022,7,19,1
17/06/2022,4,100,1
17/06/2022,10,32,1
17/06/2022,8,25,1
17/06/2022,13,263,1
17/06/2022,8,223,1
17/06/2022,4,271,1
17/06/2022,6,259,1
18/06/2022,4,253,1
19/06/2022,7,36,1
19/06/2022,13,126,1
19/06/2022,6,231,1
19/06/2022,12,153,1
20/06/2022,13,9,1
20/06/2022,9,238,1
20/06/2022,3,24,1
20/06/2022,13,261,1
21/06/2022,1,213,1
21/06/2022,2,18,1
21/06/2022,6,267,1
21/06/2022,6,206,1
21/06/2022,9,80,1
21/06/2022,7,81,1
21/06/2022,13,207,1
21/06/2022,7,37,1
22/06/2022,7,219,1
22/06/2022,8,257,1
22/06/2022,2,165,1
22/06/2022,13,203,1
22/06/2022,9,165,1
22/06/2022,6,223,1
22/06/2022,2,110,1
22/06/2022,1,282,1
22/06/2022,2,168,1
23/06/2022,6,74,1
23/06/2022,1,244,1
23/06/2022,7,127,1
23/06/2022,11,212,1
24/06/2022,12,114,1
24/06/2022,3,152,1
24/06/2022,5,37,1
24/06/2022,12,116,1
24/06/2022,5,159,1
24/06/2022,7,25,1
25/06/2022,1,227,1
25/06/2022,12,256,1
25/06/2022,11,22,1
25/06/2022,5,87,1
25/06/2022,15,38,1
25/06/2022,1,135,1
25/06/2022,8,121,1
25/06/2022,4,205,1
26/06/2022,7,179,1
26/06/2022,1,200,1
26/06/2022,2,90,1
26/06/2022,3,48,1
27/06/2022,5,191,1
27/06/2022,12,74,1
27/06/2022,9,45,1
28/06/2022,5,71,1
28/06/2022,13,53,1
28/06/2022,8,23,1
28/06/2022,1,270,1
28/06/2022,6,24,2
28/06/2022,10,1,1
28/06/2022,4,221,1
28/06/2022,1,8,1
28/06/2022,6,86,1
28/06/2022,3,221,1
29/06/2022,3,293,1
29/06/2022,15,205,1
29/06/2022,3,279,1
29/06/2022,11,231,1
29/06/2022,5,185,1
29/06/2022,10,219,1
30/06/2022,3,199,1
30/06/2022,15,29,1
30/06/2022,10,42,1
30/06/2022,12,72,1
30/06/2022,4,199,1
14/01/2023,6,40,1
7/01/2023,6,20,1
23/01/2023,14,126,1
22/01/2023,5,130,1
4/01/2023,9,217,1
24/01/2023,1,224,1
28/01/2023,7,150,1
4/01/2023,8,282,1
5/01/2023,11,259,1
29/01/2023,15,58,1
2/01/2023,12,221,1
30/01/2023,10,265,1
10/01/2023,1,241,1
29/01/2023,15,209,1
23/01/2023,13,49,1
8/01/2023,3,127,1
29/01/2023,10,269,1
21/01/2023,10,142,1
23/01/2023,15,213,1
29/01/2023,7,44,1
14/01/2023,8,276,1
21/01/2023,5,52,1
23/01/2023,1,24,1
27/01/2023,2,154,1
8/01/2023,1,182,1
5/01/2023,3,51,1
18/01/2023,9,38,1
13/01/2023,15,250,1
17/01/2023,13,126,1
2/01/2023,14,42,1
6/01/2023,7,283,1
21/01/2023,13,209,1
14/01/2023,1,282,1
31/01/2023,8,15,1
3/01/2023,11,199,1
19/01/2023,12,162,1
5/01/2023,14,49,1
29/01/2023,13,279,1
24/01/2023,11,67,1
18/01/2023,13,53,1
28/01/2023,14,286,1
29/01/2023,5,49,1
29/01/2023,10,266,1
13/01/2023,13,221,1
20/02/2023,9,175,1
17/02/2023,4,255,1
27/02/2023,1,248,1
2/02/2023,14,205,1
13/02/2023,7,2,1
27/02/2023,1,13,1
7/02/2023,2,22,1
22/02/2023,8,204,1
18/02/2023,14,39,1
8/02/2023,14,278,1
18/02/2023,2,199,1
16/02/2023,3,32,1
9/02/2023,3,10,1
6/02/2023,9,166,1
28/02/2023,8,94,1
11/02/2023,7,265,1
3/02/2023,13,228,1
21/02/2023,4,227,1
15/02/2023,12,111,1
2/02/2023,6,86,1
15/02/2023,3,272,1
20/02/2023,6,21,1
24/02/2023,5,82,1
22/02/2023,4,74,1
22/02/2023,15,278,1
12/02/2023,4,41,1
2/02/2023,10,89,1
7/02/2023,7,82,1
10/02/2023,4,248,1
16/02/2023,13,259,1
25/02/2023,8,170,1
18/02/2023,5,276,1
3/02/2023,12,55,1
4/02/2023,14,151,1
14/02/2023,2,282,1
11/02/2023,15,82,1
5/02/2023,12,24,1
21/02/2023,12,196,1
26/02/2023,11,231,1
23/02/2023,14,182,1
18/02/2023,3,171,1
1/02/2023,6,51,1
7/02/2023,6,51,1
23/02/2023,10,19,1
26/03/2023,11,112,1
4/03/2023,1,267,1
4/03/2023,14,231,1
29/03/2023,11,266,1
18/03/2023,3,110,1
26/03/2023,6,32,1
19/03/2023,6,166,1
6/03/2023,13,191,1
2/03/2023,8,292,1
30/03/2023,5,19,1
7/03/2023,10,273,1
27/03/2023,6,255,1
12/03/2023,7,205,1
9/03/2023,14,225,1
17/03/2023,14,199,1
20/03/2023,14,61,1
6/03/2023,8,58,1
27/03/2023,1,63,1
23/03/2023,5,129,1
5/03/2023,4,225,1
2/03/2023,5,266,1
27/03/2023,10,179,1
5/03/2023,10,257,1
25/03/2023,3,38,1
29/03/2023,12,179,1
16/03/2023,6,208,1
5/03/2023,15,147,1
26/03/2023,7,177,1
9/03/2023,12,78,1
11/03/2023,3,25,1
1/03/2023,10,237,1
13/03/2023,12,147,1
5/03/2023,11,132,1
20/03/2023,13,233,1
14/03/2023,3,194,1
29/03/2023,10,104,1
1/03/2023,4,221,1
15/03/2023,9,44,1
29/03/2023,13,91,1
19/03/2023,14,117,1
17/03/2023,5,111,1
26/03/2023,1,111,1
6/03/2023,1,237,1
19/03/2023,5,260,1
2/04/2023,9,13,1
6/04/2023,13,210,1
5/04/2023,9,185,1
12/04/2023,2,201,1
28/04/2023,7,245,1
26/04/2023,1,100,1
25/04/2023,11,107,1
24/04/2023,7,32,1
8/04/2023,14,98,1
14/04/2023,10,197,1
13/04/2023,7,222,1
5/04/2023,14,259,1
12/04/2023,11,234,1
18/04/2023,12,263,1
2/04/2023,13,266,1
27/04/2023,13,261,1
15/04/2023,12,97,1
3/04/2023,3,49,1
30/04/2023,2,20,1
9/04/2023,1,37,1
14/04/2023,10,283,1
4/04/2023,11,225,1
22/04/2023,7,21,1
18/04/2023,1,208,1
27/04/2023,13,223,1
11/04/2023,13,219,1
5/04/2023,12,121,1
14/04/2023,13,116,1
27/04/2023,12,87,1
3/04/2023,5,169,1
3/04/2023,4,65,1
17/04/2023,15,9,1
23/04/2023,4,193,1
28/04/2023,6,255,1
26/04/2023,7,245,1
12/04/2023,10,175,1
25/04/2023,9,2,1
16/04/2023,1,157,1
10/04/2023,12,54,1
30/04/2023,1,44,1
14/04/2023,7,37,1
21/04/2023,5,176,1
5/04/2023,2,231,1
24/04/2023,8,271,1
31/05/2023,9,6,1
4/05/2023,9,239,1
31/05/2023,5,19,1
12/05/2023,9,263,1
26/05/2023,12,153,1
6/05/2023,14,109,1
5/05/2023,4,188,1
6/05/2023,8,84,1
6/05/2023,1,199,1
9/05/2023,4,228,1
27/05/2023,13,56,1
30/05/2023,14,245,1
22/05/2023,1,237,1
10/05/2023,6,160,1
13/05/2023,8,132,1
7/05/2023,9,39,1
16/05/2023,13,280,1
9/05/2023,13,212,1
25/05/2023,12,250,1
12/05/2023,1,244,1
20/05/2023,13,172,1
12/05/2023,10,140,1
12/05/2023,10,274,1
7/05/2023,13,131,1
20/05/2023,8,245,1
5/05/2023,10,179,1
20/05/2023,9,21,1
30/05/2023,4,74,1
7/05/2023,10,36,1
5/05/2023,6,92,1
2/05/2023,2,276,1
2/05/2023,1,60,1
4/05/2023,6,76,1
27/05/2023,13,199,1
21/05/2023,4,152,1
30/05/2023,12,233,1
25/05/2023,13,166,1
9/05/2023,4,292,1
21/05/2023,10,276,1
16/05/2023,10,72,1
15/05/2023,8,142,1
4/05/2023,3,283,1
14/05/2023,4,289,1
27/05/2023,2,283,1
6/06/2023,12,126,1
7/06/2023,10,177,1
18/06/2023,11,30,1
26/06/2023,8,88,1
11/06/2023,6,107,1
15/06/2023,10,293,1
15/06/2023,8,257,1
26/06/2023,4,152,1
27/06/2023,10,58,1
24/06/2023,10,236,1
19/06/2023,7,208,1
30/06/2023,8,204,1
17/06/2023,11,259,1
5/06/2023,9,245,1
14/06/2023,12,225,1
3/06/2023,12,214,1
7/06/2023,13,263,1
30/06/2023,8,29,1
22/06/2023,14,252,2
9/06/2023,10,74,1
4/06/2023,4,286,1
24/06/2023,11,251,1
1/06/2023,1,232,1
28/06/2023,15,44,1
22/06/2023,5,217,1
30/06/2023,5,72,1
19/06/2023,8,79,1
11/06/2023,1,149,1
17/06/2023,9,66,1
23/06/2023,3,217,1
22/06/2023,6,170,1
19/06/2023,12,61,1
19/06/2023,1,236,1
16/06/2023,11,219,1
14/06/2023,8,125,1
16/06/2023,13,121,1
18/06/2023,8,208,1
7/06/2023,15,59,1
29/06/2023,5,18,1
17/06/2023,3,117,1
8/06/2023,4,175,1
17/06/2023,5,150,1
11/06/2023,13,292,1
26/06/2023,15,28,1
25/07/2023,4,259,1
12/07/2023,8,277,1
1/07/2023,6,139,1
2/07/2023,7,143,1
31/07/2023,7,112,1
9/07/2023,15,249,1
27/07/2023,6,245,1
18/07/2023,5,218,1
23/07/2023,14,214,1
12/07/2023,15,282,1
10/07/2023,11,136,1
22/07/2023,8,282,1
28/07/2023,11,141,1
7/07/2023,14,109,1
4/07/2023,1,58,1
28/07/2023,10,134,1
15/07/2023,6,221,1
11/07/2023,9,11,1
16/07/2023,10,52,1
1/07/2023,11,9,1
3/07/2023,10,175,1
1/07/2023,11,133,1
20/07/2023,11,109,1
26/07/2023,11,80,1
23/07/2023,4,81,1
13/07/2023,7,218,1
13/07/2023,11,218,1
13/07/2023,15,272,1
6/07/2023,8,186,1
13/07/2023,6,204,1
20/07/2023,15,57,1
18/07/2023,4,293,1
15/07/2023,9,78,2
23/07/2023,1,267,1
11/07/2023,1,31,1
12/07/2023,10,47,1
4/07/2023,5,161,1
16/07/2023,8,188,1
20/07/2023,8,74,1
24/07/2023,14,20,1
29/07/2023,13,256,1
25/07/2023,10,247,1
9/07/2023,5,66,1
23/07/2023,12,243,1
7/07/2023,7,212,1
18/07/2023,11,29,1
12/07/2023,10,59,2
21/07/2023,9,279,1
16/07/2023,9,203,1
12/07/2023,12,213,1
15/07/2023,7,149,1
19/07/2023,2,109,1
16/07/2023,10,219,1
10/07/2023,2,26,1
16/07/2023,10,71,1
7/07/2023,14,177,1
6/07/2023,5,239,1
12/07/2023,15,5,1
2/07/2023,5,70,1
5/07/2023,6,214,1
7/08/2023,13,243,1
25/08/2023,7,41,1
4/08/2023,6,224,1
13/08/2023,14,58,1
25/08/2023,15,92,1
4/08/2023,5,45,1
11/08/2023,9,90,1
2/08/2023,3,292,1
10/08/2023,1,182,1
16/08/2023,14,175,1
21/08/2023,13,68,1
11/08/2023,5,147,1
26/08/2023,14,227,1
16/08/2023,5,249,1
31/08/2023,13,142,1
1/08/2023,9,190,1
8/08/2023,4,44,1
21/08/2023,5,200,1
13/08/2023,5,121,1
9/08/2023,2,128,1
1/08/2023,7,131,1
16/08/2023,6,220,1
28/08/2023,8,39,1
15/08/2023,13,63,1
9/08/2023,2,269,1
20/08/2023,10,229,1
19/08/2023,14,227,1
24/08/2023,9,270,1
23/08/2023,6,43,1
6/08/2023,10,266,1
7/08/2023,12,157,1
29/08/2023,2,16,1
11/08/2023,13,91,1
26/08/2023,11,223,1
20/08/2023,1,205,1
16/08/2023,14,166,1
25/08/2023,15,50,1
16/08/2023,6,50,1
5/08/2023,10,3,1
26/08/2023,13,44,1
19/08/2023,7,197,1
25/08/2023,12,145,1
14/08/2023,14,253,1
18/08/2023,13,265,1
6/08/2023,12,215,1
14/08/2023,4,126,1
18/08/2023,12,82,1
6/08/2023,6,214,1
12/08/2023,13,242,2
16/08/2023,2,206,1
24/08/2023,12,109,1
28/08/2023,14,98,1
8/08/2023,8,292,1
3/08/2023,7,124,1
25/08/2023,14,282,1
30/08/2023,1,54,1
27/08/2023,14,139,1
29/08/2023,12,268,1
3/08/2023,10,219,1
12/08/2023,13,145,1
26/09/2023,6,162,1
1/09/2023,4,76,1
16/09/2023,7,244,1
23/09/2023,10,250,1
20/09/2023,12,73,1
26/09/2023,11,196,1
21/09/2023,13,260,1
29/09/2023,12,271,1
18/09/2023,13,72,1
9/09/2023,14,250,1
27/09/2023,1,55,1
26/09/2023,5,199,1
30/09/2023,12,17,1
17/09/2023,12,282,1
16/09/2023,8,167,1
23/09/2023,8,288,1
21/09/2023,2,139,1
5/09/2023,10,132,1
17/09/2023,11,189,1
16/09/2023,2,71,1
2/09/2023,4,30,1
28/09/2023,7,277,1
22/09/2023,9,110,1
4/09/2023,13,46,1
29/09/2023,8,252,1
12/09/2023,4,114,1
13/09/2023,10,31,1
28/09/2023,12,83,1
28/09/2023,5,174,1
21/09/2023,12,231,1
9/09/2023,5,250,1
12/09/2023,2,37,1
2/09/2023,2,271,1
25/09/2023,15,168,1
17/09/2023,2,262,1
17/09/2023,12,165,1
17/09/2023,5,58,1
19/09/2023,9,188,1
5/09/2023,12,43,1
2/09/2023,7,64,1
15/09/2023,13,36,1
24/09/2023,3,24,1
4/09/2023,8,42,1
25/09/2023,7,37,1
10/09/2023,4,81,1
14/09/2023,1,151,1
10/09/2023,7,15,1
5/09/2023,11,257,1
3/09/2023,7,146,1
7/09/2023,12,84,1
7/09/2023,13,93,1
25/09/2023,5,139,1
29/09/2023,8,172,1
26/09/2023,1,72,1
30/09/2023,15,49,1
22/09/2023,3,25,1
11/09/2023,7,279,1
30/09/2023,13,42,1
20/09/2023,8,288,1
23/09/2023,7,78,1
8/10/2023,3,188,1
14/10/2023,12,265,1
22/10/2023,11,90,1
17/10/2023,14,291,1
21/10/2023,7,66,1
29/10/2023,8,62,1
2/10/2023,14,134,1
25/10/2023,11,196,1
27/10/2023,5,227,1
25/10/2023,4,19,1
13/10/2023,10,164,1
8/10/2023,8,142,1
19/10/2023,8,255,1
9/10/2023,11,29,1
27/10/2023,9,116,1
23/10/2023,7,44,1
8/10/2023,10,260,1
10/10/2023,14,123,1
17/10/2023,15,194,1
31/10/2023,1,235,1
22/10/2023,11,254,1
23/10/2023,10,38,1
22/10/2023,10,258,1
27/10/2023,11,188,1
18/10/2023,7,123,1
31/10/2023,5,287,1
16/10/2023,5,25,1
24/10/2023,14,253,1
13/10/2023,14,277,1
15/10/2023,8,293,1
23/10/2023,3,109,1
26/10/2023,5,190,1
21/10/2023,2,92,1
11/10/2023,10,39,1
10/10/2023,9,159,1
31/10/2023,14,155,1
18/10/2023,1,145,1
6/10/2023,3,151,1
2/10/2023,12,7,1
6/10/2023,7,236,1
2/10/2023,4,49,1
7/10/2023,2,269,1
10/10/2023,14,110,1
8/10/2023,6,71,1
4/10/2023,9,160,1
9/10/2023,15,109,1
12/10/2023,4,190,1
6/10/2023,9,161,1
15/10/2023,14,244,1
10/10/2023,7,148,1
30/10/2023,13,212,1
15/10/2023,11,139,1
25/10/2023,11,104,1
9/10/2023,11,212,1
19/10/2023,6,189,1
19/10/2023,8,129,1
7/10/2023,5,42,1
26/10/2023,4,104,1
26/10/2023,14,8,1
17/10/2023,2,251,1
10/11/2023,7,164,1
1/11/2023,15,78,1
5/11/2023,4,215,1
15/11/2023,10,106,1
8/11/2023,7,25,1
3/11/2023,12,251,1
21/11/2023,2,202,1
28/11/2023,6,221,1
1/11/2023,10,223,1
21/11/2023,10,134,1
27/11/2023,15,89,1
6/11/2023,9,30,1
3/11/2023,1,82,1
24/11/2023,13,50,1
18/11/2023,5,162,1
15/11/2023,3,108,1
29/11/2023,7,139,1
8/11/2023,9,9,1
1/11/2023,6,229,1
9/11/2023,3,92,1
10/11/2023,15,205,1
25/11/2023,8,23,1
7/11/2023,5,269,1
14/11/2023,1,131,1
11/11/2023,3,185,1
21/11/2023,10,14,1
7/11/2023,14,53,1
28/11/2023,15,88,1
9/11/2023,4,34,1
24/11/2023,10,262,1
15/11/2023,14,114,1
12/11/2023,8,252,1
5/11/2023,11,141,1
4/11/2023,8,38,1
8/11/2023,10,66,1
27/11/2023,8,70,1
29/11/2023,1,151,1
21/11/2023,3,259,1
19/11/2023,3,175,1
9/11/2023,11,256,1
19/11/2023,1,45,1
5/11/2023,3,93,1
10/11/2023,12,104,1
2/11/2023,5,188,1
13/11/2023,13,208,1
20/11/2023,2,282,1
24/11/2023,1,241,1
3/11/2023,1,42,1
2/11/2023,8,176,1
26/11/2023,9,66,1
3/11/2023,11,268,1
26/11/2023,7,31,1
30/11/2023,12,215,1
16/11/2023,12,98,1
8/11/2023,12,11,1
24/11/2023,8,26,1
6/11/2023,10,159,1
15/11/2023,1,107,1
26/11/2023,8,250,1
4/11/2023,9,236,1
7/12/2023,5,72,1
1/12/2023,9,205,1
19/12/2023,12,38,1
24/12/2023,8,177,1
22/12/2023,11,147,1
10/12/2023,14,37,1
22/12/2023,4,231,1
12/12/2023,3,178,1
23/12/2023,3,6,1
20/12/2023,1,76,1
19/12/2023,14,182,1
26/12/2023,1,192,1
31/12/2023,15,16,1
6/12/2023,14,77,1
3/12/2023,14,125,1
11/12/2023,6,102,1
8/12/2023,7,268,1
25/12/2023,10,172,1
12/12/2023,3,277,1
5/12/2023,1,160,1
8/12/2023,14,80,1
7/12/2023,3,64,1
21/12/2023,8,226,1
2/12/2023,12,76,1
8/12/2023,5,156,1
15/12/2023,1,170,1
17/12/2023,12,172,1
26/12/2023,3,146,1
12/12/2023,9,199,1
18/12/2023,3,181,1
18/12/2023,13,193,1
19/12/2023,7,51,1
19/12/2023,7,48,1
1/12/2023,5,21,1
3/12/2023,8,51,1
6/12/2023,15,260,1
22/12/2023,5,150,1
2/12/2023,10,157,1
11/12/2023,8,288,1
10/12/2023,5,84,1
1/12/2023,13,222,1
1/12/2023,3,160,1
16/12/2023,8,116,1
10/12/2023,4,62,1
10/12/2023,15,272,1
10/12/2023,2,243,1
11/12/2023,2,216,1
21/12/2023,5,14,1
17/12/2023,4,204,1
4/12/2023,2,81,1
28/12/2023,9,168,1
21/12/2023,11,22,1
7/12/2023,15,129,1
16/12/2023,10,110,1
27/12/2023,15,24,1
13/12/2023,11,259,1
23/12/2023,4,267,1
2/12/2023,5,292,1
2/12/2023,11,125,1
12/12/2023,8,258,1
31/01/2024,9,152,1
1/01/2024,15,74,1
21/01/2024,8,63,1
29/01/2024,4,128,1
25/01/2024,1,187,1
10/01/2024,8,72,1
26/01/2024,12,179,1
12/01/2024,9,192,1
11/01/2024,1,222,1
12/01/2024,12,218,1
20/01/2024,4,243,1
23/01/2024,11,159,1
13/01/2024,5,9,1
20/01/2024,12,71,1
22/01/2024,11,271,1
14/01/2024,2,104,1
25/01/2024,3,214,1
19/01/2024,5,134,1
23/01/2024,7,44,1
16/01/2024,9,234,1
8/01/2024,12,232,1
15/01/2024,1,16,1
23/01/2024,13,49,1
18/01/2024,8,262,1
30/01/2024,5,65,1
20/01/2024,14,80,1
24/01/2024,3,185,1
24/01/2024,3,185,1
22/01/2024,7,166,1
18/01/2024,9,276,1
2/01/2024,5,134,1
14/01/2024,12,130,1
27/01/2024,15,60,1
22/01/2024,13,267,1
31/01/2024,14,292,1
1/01/2024,6,13,1
29/01/2024,13,221,1
18/01/2024,15,127,1
10/01/2024,8,271,1
18/01/2024,4,15,1
30/01/2024,13,156,1
4/01/2024,13,41,1
4/01/2024,1,157,1
20/01/2024,4,214,1
30/01/2024,10,231,1
13/01/2024,4,189,1
29/02/2024,4,13,1
24/02/2024,13,2,1
11/02/2024,8,6,1
9/02/2024,10,193,1
11/02/2024,8,104,1
27/02/2024,5,266,1
17/02/2024,4,281,1
22/02/2024,2,124,1
13/02/2024,6,133,1
9/02/2024,11,236,1
10/02/2024,1,274,1
5/02/2024,15,133,1
5/02/2024,4,39,1
11/02/2024,11,71,1
21/02/2024,4,19,1
28/02/2024,1,47,1
18/02/2024,5,14,1
18/02/2024,12,81,1
29/02/2024,6,289,1
22/02/2024,2,177,1
11/02/2024,3,49,1
3/02/2024,7,250,1
15/02/2024,1,45,1
14/02/2024,2,63,1
11/02/2024,2,214,1
20/02/2024,2,236,1
22/02/2024,1,51,1
6/02/2024,6,30,1
10/02/2024,8,146,1
21/02/2024,2,275,1
12/02/2024,8,51,1
20/02/2024,3,48,1
20/02/2024,5,53,1
6/02/2024,6,53,1
13/02/2024,11,5,1
14/02/2024,10,199,1
5/02/2024,3,292,1
27/02/2024,11,291,1
15/02/2024,14,107,1
16/02/2024,10,229,1
4/02/2024,3,104,1
2/02/2024,13,257,1
10/02/2024,15,19,1
9/02/2024,12,41,1
22/02/2024,5,199,1
13/02/2024,3,190,1
26/03/2024,11,282,1
7/03/2024,12,30,1
17/03/2024,9,113,1
19/03/2024,8,221,1
5/03/2024,2,279,1
21/03/2024,12,72,1
2/03/2024,2,10,1
26/03/2024,12,247,1
17/03/2024,1,174,1
3/03/2024,4,164,1
15/03/2024,9,197,1
2/03/2024,12,187,1
17/03/2024,13,33,1
1/03/2024,4,244,1
28/03/2024,7,99,1
6/03/2024,14,36,1
1/03/2024,4,216,1
26/03/2024,11,292,1
15/03/2024,14,287,1
27/03/2024,10,205,1
6/03/2024,1,157,1
2/03/2024,15,129,1
4/03/2024,9,214,1
8/03/2024,10,247,1
9/03/2024,11,237,1
9/03/2024,14,232,1
22/03/2024,2,247,1
27/03/2024,9,203,1
2/03/2024,2,282,1
19/03/2024,2,252,1
26/03/2024,8,57,1
31/03/2024,9,285,1
29/03/2024,3,275,1
5/03/2024,11,24,1
16/03/2024,13,11,1
5/03/2024,12,41,1
22/03/2024,9,212,1
13/03/2024,3,207,1
21/03/2024,7,76,1
24/03/2024,12,58,1
7/03/2024,4,1,1
3/03/2024,15,16,1
24/03/2024,12,243,1
18/03/2024,3,285,1
3/03/2024,3,109,1
15/03/2024,8,55,1
4/04/2024,14,95,1
22/04/2024,7,266,1
11/04/2024,9,197,1
24/04/2024,12,60,1
25/04/2024,9,6,1
5/04/2024,6,241,1
17/04/2024,3,116,1
24/04/2024,2,249,1
15/04/2024,13,265,1
27/04/2024,6,49,1
11/04/2024,8,8,1
24/04/2024,15,124,1
24/04/2024,1,66,1
17/04/2024,15,71,1
27/04/2024,12,148,1
13/04/2024,10,275,1
30/04/2024,14,223,1
21/04/2024,7,281,1
3/04/2024,14,214,1
24/04/2024,2,229,1
13/04/2024,4,279,1
4/04/2024,14,195,1
18/04/2024,2,199,1
27/04/2024,15,253,1
19/04/2024,3,99,1
9/04/2024,13,36,1
18/04/2024,15,257,1
2/04/2024,1,32,1
24/04/2024,15,80,1
19/04/2024,15,149,1
14/04/2024,7,104,1
27/04/2024,14,181,1
25/04/2024,8,179,1
19/04/2024,3,140,1
22/04/2024,1,145,1
19/04/2024,15,215,1
5/04/2024,3,242,1
2/04/2024,6,100,1
26/04/2024,11,91,1
6/04/2024,9,257,1
26/04/2024,2,92,1
20/04/2024,11,10,1
28/04/2024,8,242,1
7/04/2024,6,60,1
28/04/2024,4,56,1
13/04/2024,7,273,1
16/05/2024,7,95,1
13/05/2024,3,10,1
6/05/2024,13,221,1
14/05/2024,5,229,1
19/05/2024,11,148,1
20/05/2024,11,45,1
12/05/2024,2,241,1
17/05/2024,7,166,1
5/05/2024,3,280,1
23/05/2024,12,215,1
28/05/2024,2,199,1
15/05/2024,8,98,1
5/05/2024,3,188,1
21/05/2024,8,242,1
17/05/2024,10,75,1
3/05/2024,4,195,1
27/05/2024,15,257,1
2/05/2024,3,286,1
20/05/2024,10,44,1
24/05/2024,8,97,1
26/05/2024,1,5,1
7/05/2024,1,87,1
2/05/2024,1,78,1
15/05/2024,11,220,1
23/05/2024,13,79,1
12/05/2024,5,90,1
19/05/2024,15,136,1
2/05/2024,15,231,1
25/05/2024,15,161,1
18/05/2024,8,222,1
3/05/2024,10,76,1
7/05/2024,1,226,1
17/05/2024,8,118,1
29/05/2024,9,139,1
14/05/2024,3,136,1
23/05/2024,11,244,1
23/05/2024,6,60,1
14/05/2024,14,104,1
27/05/2024,9,90,1
9/05/2024,3,272,1
2/05/2024,8,148,1
17/05/2024,3,34,1
21/05/2024,3,63,1
31/05/2024,12,127,1
11/05/2024,12,195,1
23/05/2024,13,268,1
5/06/2024,5,99,1
7/06/2024,4,236,1
6/06/2024,10,125,1
8/06/2024,1,277,1
7/06/2024,11,160,1
20/06/2024,14,93,1
7/06/2024,12,21,1
26/06/2024,3,218,1
5/06/2024,1,40,1
17/06/2024,5,121,1
21/06/2024,9,5,1
11/06/2024,14,203,1
25/06/2024,1,24,1
10/06/2024,4,57,1
2/06/2024,9,164,1
26/06/2024,12,127,1
14/06/2024,13,130,1
6/06/2024,9,107,1
21/06/2024,10,147,1
11/06/2024,15,208,1
24/06/2024,11,277,1
16/06/2024,5,78,1
25/06/2024,5,130,1
15/06/2024,9,111,1
22/06/2024,4,259,1
16/06/2024,11,172,1
13/06/2024,2,44,1
28/06/2024,14,78,1
8/06/2024,3,208,1
24/06/2024,11,284,1
21/06/2024,6,72,1
6/06/2024,3,259,1
4/06/2024,1,179,1
26/06/2024,5,100,1
30/06/2024,3,48,1
16/06/2024,9,261,1
16/06/2024,10,192,2
7/06/2024,8,152,1
15/06/2024,10,47,1
8/06/2024,2,189,1
20/06/2024,15,14,1
19/06/2024,15,50,1
8/06/2024,10,34,1
27/06/2024,11,291,1
15/06/2024,2,133,1
26/06/2024,7,272,1
20/07/2024,14,189,1
10/07/2024,5,187,1
14/07/2024,3,60,1
13/07/2024,6,182,1
16/07/2024,8,132,1
20/07/2024,1,159,1
30/07/2024,8,237,1
30/07/2024,11,39,1
20/07/2024,2,216,1
2/07/2024,1,276,1
10/07/2024,8,175,1
20/07/2024,9,135,1
3/07/2024,5,287,1
2/07/2024,3,166,1
20/07/2024,8,48,1
19/07/2024,8,37,1
19/07/2024,11,237,1
14/07/2024,8,217,1
6/07/2024,15,56,1
15/07/2024,13,228,1
12/07/2024,11,24,1
11/07/2024,2,115,1
2/07/2024,9,38,1
3/07/2024,8,116,1
30/07/2024,3,268,1
29/07/2024,8,284,1
28/07/2024,3,10,1
16/07/2024,15,104,1
18/07/2024,4,171,1
14/07/2024,12,182,1
1/07/2024,5,250,1
7/07/2024,3,87,1
11/07/2024,13,34,1
25/07/2024,5,10,1
23/07/2024,2,136,1
24/07/2024,9,160,1
20/07/2024,12,219,1
30/07/2024,5,199,1
9/07/2024,1,42,1
22/07/2024,15,75,1
4/07/2024,1,83,1
13/07/2024,8,127,1
9/07/2024,1,174,1
6/07/2024,10,158,1
16/07/2024,1,263,1
31/07/2024,7,9,1
12/07/2024,13,251,1
25/07/2024,4,225,2
1/07/2024,8,282,1
22/07/2024,10,66,1
8/07/2024,3,154,1
2/07/2024,9,252,1
23/07/2024,4,231,1
10/07/2024,11,161,1
1/07/2024,5,227,2
7/07/2024,7,27,1
31/07/2024,11,109,1
13/07/2024,10,221,1
20/07/2024,7,121,1
9/07/2024,10,38,1
4/07/2024,1,56,1
15/07/2024,8,10,1
3/07/2024,5,255,1
16/08/2024,13,228,1
7/08/2024,10,261,1
11/08/2024,1,104,1
5/08/2024,9,63,1
28/08/2024,1,133,1
10/08/2024,9,282,1
23/08/2024,10,47,1
25/08/2024,7,178,1
6/08/2024,9,96,1
16/08/2024,1,39,1
2/08/2024,10,253,1
24/08/2024,7,24,1
30/08/2024,5,83,1
23/08/2024,6,279,1
15/08/2024,3,3,1
29/08/2024,14,110,1
25/08/2024,13,175,1
11/08/2024,5,135,1
21/08/2024,12,208,1
26/08/2024,2,156,1
6/08/2024,4,17,1
19/08/2024,1,197,1
29/08/2024,3,222,1
6/08/2024,14,10,1
7/08/2024,15,224,1
10/08/2024,12,104,1
29/08/2024,8,97,1
6/08/2024,7,3,1
26/08/2024,6,244,1
23/08/2024,5,200,1
6/08/2024,8,161,1
5/08/2024,3,1,1
14/08/2024,15,277,1
8/08/2024,7,104,1
2/08/2024,12,123,1
24/08/2024,5,200,1
29/08/2024,2,135,1
8/08/2024,7,157,1
6/08/2024,10,166,1
29/08/2024,3,268,1
1/08/2024,9,22,1
26/08/2024,1,104,1
27/08/2024,14,217,1
31/08/2024,3,222,1
1/08/2024,5,102,1
26/08/2024,7,73,1
18/08/2024,8,78,1
27/08/2024,13,179,1
29/08/2024,11,245,1
2/08/2024,15,281,1
24/08/2024,6,99,1
1/08/2024,8,174,1
24/08/2024,13,151,1
23/08/2024,6,161,1
27/08/2024,13,181,1
7/08/2024,15,217,1
15/08/2024,3,211,1
8/08/2024,7,190,1
24/08/2024,7,78,1
31/08/2024,1,131,1
31/08/2024,2,128,1
13/08/2024,1,114,1
19/08/2024,7,175,1
14/09/2024,5,128,1
30/09/2024,5,22,1
18/09/2024,9,86,1
2/09/2024,8,36,1
3/09/2024,12,206,1
30/09/2024,15,47,1
7/09/2024,12,11,1
27/09/2024,12,174,1
16/09/2024,6,270,1
17/09/2024,1,63,1
9/09/2024,8,34,1
30/09/2024,13,231,1
24/09/2024,9,277,1
4/09/2024,5,20,1
9/09/2024,12,18,1
9/09/2024,3,53,1
21/09/2024,3,180,1
8/09/2024,1,187,1
29/09/2024,9,188,1
4/09/2024,9,253,1
17/09/2024,1,109,1
19/09/2024,6,31,1
17/09/2024,7,209,1
19/09/2024,11,144,1
3/09/2024,5,248,1
1/09/2024,6,46,1
12/09/2024,7,6,1
18/09/2024,1,46,1
13/09/2024,9,141,1
13/09/2024,6,25,1
1/09/2024,5,72,1
16/09/2024,1,141,1
13/09/2024,15,17,1
13/09/2024,14,161,1
2/09/2024,2,177,1
4/09/2024,7,9,1
5/09/2024,6,2,1
20/09/2024,11,241,1
2/09/2024,14,255,1
17/09/2024,3,1,1
27/09/2024,13,90,1
22/09/2024,6,116,1
18/09/2024,12,159,1
10/09/2024,6,137,2
14/09/2024,1,229,1
9/09/2024,5,279,1
27/09/2024,6,45,1
12/09/2024,8,145,1
7/09/2024,12,269,1
4/09/2024,8,80,1
11/09/2024,6,67,1
16/09/2024,7,263,1
22/09/2024,14,139,1
1/09/2024,12,249,1
15/09/2024,2,174,1
23/09/2024,8,146,1
4/09/2024,3,282,1
5/09/2024,1,257,1
7/09/2024,14,64,1
1/09/2024,5,251,1
25/09/2024,7,252,1
7/09/2024,5,69,1
6/09/2024,6,241,1
15/10/2024,3,132,1
11/10/2024,8,8,1
28/10/2024,1,96,1
15/10/2024,12,83,1
18/10/2024,14,157,1
1/10/2024,6,48,1
23/10/2024,8,275,1
24/10/2024,13,213,1
12/10/2024,12,57,1
2/10/2024,13,93,1
5/10/2024,6,262,1
18/10/2024,12,48,1
3/10/2024,13,292,1
29/10/2024,1,126,1
26/10/2024,5,135,1
2/10/2024,1,237,1
5/10/2024,3,111,1
28/10/2024,7,15,1
26/10/2024,7,276,2
4/10/2024,8,230,1
5/10/2024,3,21,1
18/10/2024,4,109,1
18/10/2024,2,54,1
20/10/2024,10,58,1
12/10/2024,10,145,1
28/10/2024,2,156,1
21/10/2024,7,176,1
24/10/2024,3,147,2
24/10/2024,13,187,1
10/10/2024,9,102,1
10/10/2024,12,30,1
13/10/2024,7,149,1
29/10/2024,7,96,1
6/10/2024,15,183,1
14/10/2024,14,148,1
21/10/2024,8,242,1
8/10/2024,3,155,1
20/10/2024,8,264,1
15/10/2024,5,192,1
2/10/2024,12,99,1
5/10/2024,9,90,1
21/10/2024,14,213,1
23/10/2024,1,180,1
25/10/2024,13,241,1
31/10/2024,10,42,1
1/10/2024,11,99,1
30/10/2024,13,197,1
14/10/2024,11,45,1
29/10/2024,1,269,1
25/10/2024,10,104,1
2/10/2024,15,203,1
5/10/2024,14,188,1
7/10/2024,4,63,1
3/10/2024,6,30,1
2/10/2024,11,235,1
20/10/2024,5,269,1
23/10/2024,8,268,1
29/10/2024,14,216,1
1/10/2024,14,238,1
22/10/2024,2,236,1
30/10/2024,13,70,1
8/10/2024,4,291,1
22/10/2024,10,80,1
17/11/2024,2,207,1
14/11/2024,13,89,1
7/11/2024,2,204,1
7/11/2024,11,272,1
5/11/2024,6,282,1
22/11/2024,10,51,1
12/11/2024,11,161,1
22/11/2024,14,123,1
27/11/2024,6,213,1
24/11/2024,1,148,1
20/11/2024,14,251,1
16/11/2024,8,258,1
24/11/2024,1,285,1
18/11/2024,9,30,1
20/11/2024,4,224,1
24/11/2024,11,38,1
30/11/2024,12,192,1
23/11/2024,10,127,1
30/11/2024,1,91,1
15/11/2024,13,278,1
18/11/2024,2,203,1
6/11/2024,7,257,1
15/11/2024,1,221,1
19/11/2024,4,121,1
1/11/2024,13,50,1
15/11/2024,3,42,1
7/11/2024,3,134,1
17/11/2024,3,92,1
20/11/2024,13,225,1
28/11/2024,4,19,1
5/11/2024,4,255,1
16/11/2024,10,134,1
28/11/2024,12,286,1
8/11/2024,9,22,1
4/11/2024,7,282,1
7/11/2024,8,20,1
19/11/2024,15,214,1
11/11/2024,12,19,2
9/11/2024,12,82,1
7/11/2024,13,45,1
17/11/2024,2,113,1
11/11/2024,3,229,1
12/11/2024,9,156,1
28/11/2024,1,259,1
5/11/2024,13,197,1
29/11/2024,2,167,1
7/11/2024,5,152,1
5/11/2024,12,253,1
13/11/2024,8,268,1
6/11/2024,1,84,1
16/11/2024,1,189,1
17/11/2024,2,263,1
22/11/2024,12,4,1
16/11/2024,13,158,1
16/11/2024,11,203,1
4/11/2024,13,4,1
24/11/2024,10,101,1
29/11/2024,9,253,1
11/11/2024,3,196,1
8/11/2024,10,285,1
2/11/2024,7,219,1
20/11/2024,3,5,1
2/11/2024,6,159,1
29/12/2024,1,139,1
6/12/2024,8,283,1
30/12/2024,9,147,1
9/12/2024,8,45,1
22/12/2024,12,42,1
8/12/2024,4,71,1
3/12/2024,10,44,1
4/12/2024,14,187,1
21/12/2024,7,203,1
4/12/2024,11,221,1
26/12/2024,14,170,1
10/12/2024,3,206,1
25/12/2024,4,93,1
12/12/2024,3,241,1
7/12/2024,14,221,1
12/12/2024,7,150,1
12/12/2024,4,82,1
15/12/2024,5,228,1
12/12/2024,14,126,1
28/12/2024,10,129,1
13/12/2024,4,6,1
30/12/2024,6,172,1
24/12/2024,13,99,1
26/12/2024,6,72,1
3/12/2024,1,229,1
25/12/2024,8,114,1
9/12/2024,11,180,1
10/12/2024,11,293,1
16/12/2024,13,253,1
27/12/2024,9,282,1
16/12/2024,13,29,1
16/12/2024,1,232,1
13/12/2024,14,23,1
16/12/2024,13,114,1
3/12/2024,5,196,1
12/12/2024,7,18,1
30/12/2024,7,272,1
9/12/2024,12,204,1
23/12/2024,15,162,1
30/12/2024,1,174,1
1/12/2024,5,37,1
4/12/2024,5,83,1
4/12/2024,5,103,1
30/12/2024,7,2,1
29/12/2024,10,106,1
21/12/2024,8,34,1
8/12/2024,14,38,1
5/12/2024,8,176,1
14/12/2024,11,131,1
24/12/2024,8,72,1
23/12/2024,5,18,1
29/12/2024,5,272,1
22/12/2024,4,20,1
5/12/2024,4,50,1
4/12/2024,12,87,1
19/12/2024,10,174,1
28/12/2024,1,32,1
13/12/2024,1,274,1
24/12/2024,14,185,1
29/12/2024,5,15,1
10/12/2024,7,58,1
24/12/2024,8,112,1
26/12/2024,9,127,1
31/01/2025,11,64,1
2/01/2025,9,166,1
26/01/2025,10,34,1
1/01/2025,13,271,1
18/01/2025,7,230,1
10/01/2025,10,24,1
25/01/2025,7,5,1
12/01/2025,4,223,1
18/01/2025,4,288,1
29/01/2025,8,33,1
19/01/2025,11,58,1
17/01/2025,9,145,1
15/01/2025,8,29,1
10/01/2025,1,237,1
22/01/2025,9,89,1
17/01/2025,2,52,1
31/01/2025,12,229,1
30/01/2025,7,211,1
5/01/2025,15,207,1
7/01/2025,6,127,1
13/01/2025,8,221,1
10/01/2025,4,288,1
22/01/2025,1,189,1
20/01/2025,7,292,1
19/01/2025,12,273,1
30/01/2025,3,177,1
13/01/2025,8,272,1
16/01/2025,1,283,1
25/01/2025,2,109,1
28/01/2025,10,90,1
12/01/2025,12,179,1
17/01/2025,14,201,1
2/01/2025,13,80,1
31/01/2025,12,137,1
11/01/2025,14,110,1
3/01/2025,9,180,2
19/01/2025,14,177,1
10/01/2025,14,149,1
7/01/2025,13,276,1
16/01/2025,3,30,1
31/01/2025,14,269,1
12/01/2025,14,273,1
21/01/2025,6,283,1
30/01/2025,13,226,1
23/01/2025,3,154,1
15/01/2025,7,100,1
4/01/2025,11,282,1
26/01/2025,7,239,1
25/01/2025,9,101,1
23/02/2025,4,172,1
16/02/2025,14,241,1
24/02/2025,2,53,1
19/02/2025,4,222,1
5/02/2025,7,32,1
6/02/2025,9,18,1
22/02/2025,5,271,1
5/02/2025,7,246,1
27/02/2025,4,222,1
14/02/2025,5,6,1
14/02/2025,13,14,1
11/02/2025,6,105,1
4/02/2025,9,132,1
1/02/2025,13,226,1
12/02/2025,2,162,1
5/02/2025,15,100,1
28/02/2025,12,225,1
16/02/2025,12,31,1
24/02/2025,15,168,1
15/02/2025,11,157,1
25/02/2025,6,42,1
26/02/2025,11,251,1
18/02/2025,14,104,1
12/02/2025,9,266,1
3/02/2025,11,204,1
25/02/2025,8,99,1
6/02/2025,12,239,1
1/02/2025,8,267,1
1/02/2025,15,205,1
15/02/2025,8,148,1
25/02/2025,14,113,1
17/02/2025,4,249,1
7/02/2025,9,135,1
4/02/2025,8,236,1
25/02/2025,14,292,1
14/02/2025,8,47,1
2/02/2025,15,214,1
18/02/2025,6,148,1
24/02/2025,15,147,1
9/02/2025,13,78,1
18/02/2025,9,39,1
24/02/2025,8,282,1
26/02/2025,9,172,1
23/02/2025,13,25,1
3/02/2025,2,100,1
24/02/2025,8,63,1
3/02/2025,9,95,1
22/02/2025,7,95,1
11/02/2025,14,224,1
1/03/2025,2,159,1
20/03/2025,3,278,1
26/03/2025,7,75,1
23/03/2025,13,90,1
13/03/2025,4,242,1
28/03/2025,11,123,1
21/03/2025,14,78,1
2/03/2025,5,213,1
20/03/2025,9,214,1
27/03/2025,10,270,1
14/03/2025,7,70,1
9/03/2025,14,174,1
29/03/2025,4,282,1
15/03/2025,13,121,1
2/03/2025,9,153,1
21/03/2025,5,34,1
11/03/2025,15,274,1
17/03/2025,7,204,1
7/03/2025,1,52,1
2/03/2025,5,157,1
22/03/2025,8,199,1
25/03/2025,10,127,1
24/03/2025,8,152,1
9/03/2025,8,52,1
26/03/2025,11,75,1
27/03/2025,6,93,1
28/03/2025,3,55,1
16/03/2025,14,223,1
22/03/2025,1,158,1
6/03/2025,9,242,1
9/03/2025,6,53,1
10/03/2025,14,162,1
9/03/2025,11,217,1
19/03/2025,6,175,1
19/03/2025,6,24,1
9/03/2025,2,241,1
12/03/2025,3,44,1
4/03/2025,13,100,1
9/03/2025,12,91,1
21/03/2025,9,177,1
7/03/2025,11,65,1
28/03/2025,3,210,1
26/03/2025,15,131,1
4/03/2025,3,265,1
13/03/2025,11,260,1
27/03/2025,9,182,1
23/03/2025,1,24,1
10/03/2025,7,111,1
17/03/2025,15,154,1
22/04/2025,15,177,1
10/04/2025,12,193,1
3/04/2025,4,112,1
3/04/2025,4,221,1
2/04/2025,11,171,1
22/04/2025,12,81,1
24/04/2025,12,124,1
4/04/2025,6,219,1
21/04/2025,15,107,1
23/04/2025,6,58,1
19/04/2025,13,270,1
4/04/2025,4,202,1
29/04/2025,4,68,1
14/04/2025,12,104,1
14/04/2025,7,285,1
25/04/2025,15,247,1
2/04/2025,4,276,1
19/04/2025,12,256,1
19/04/2025,13,36,1
15/04/2025,4,41,1
26/04/2025,12,248,1
5/04/2025,11,223,1
13/04/2025,12,5,1
22/04/2025,6,161,1
15/04/2025,5,259,1
4/04/2025,13,190,1
20/04/2025,5,286,1
30/04/2025,15,195,1
15/04/2025,15,28,1
28/04/2025,14,49,1
28/04/2025,12,126,1
13/04/2025,12,136,1
27/04/2025,12,287,1
3/04/2025,8,231,1
21/04/2025,3,261,1
17/04/2025,3,34,1
6/04/2025,11,199,1
28/04/2025,3,23,1
27/04/2025,10,28,1
22/04/2025,7,53,1
9/04/2025,6,248,1
22/04/2025,11,181,1
4/04/2025,11,82,1
5/04/2025,6,251,1
10/04/2025,4,282,1
3/04/2025,14,273,1
6/04/2025,15,201,1
16/04/2025,12,9,1
17/04/2025,7,168,1
10/05/2025,10,45,1
1/05/2025,9,160,1
8/05/2025,4,215,1
7/05/2025,10,65,1
9/05/2025,8,84,1
27/05/2025,14,159,1
14/05/2025,2,135,1
15/05/2025,15,159,1
19/05/2025,13,208,1
23/05/2025,4,284,1
10/05/2025,3,215,1
10/05/2025,8,2,1
14/05/2025,5,210,1
2/05/2025,8,64,1
12/05/2025,3,157,1
21/05/2025,15,59,1
24/05/2025,2,67,1
13/05/2025,8,169,1
28/05/2025,11,252,1
22/05/2025,8,266,1
20/05/2025,5,216,1
25/05/2025,12,130,1
9/05/2025,11,269,1
4/05/2025,5,214,1
3/05/2025,9,208,1
27/05/2025,9,199,1
26/05/2025,12,121,1
6/05/2025,10,199,1
20/05/2025,3,71,1
24/05/2025,12,252,1
6/05/2025,2,89,1
21/05/2025,3,268,1
19/05/2025,13,30,1
5/05/2025,14,145,1
24/05/2025,7,89,1
20/05/2025,13,232,1
13/05/2025,4,230,1
13/05/2025,4,242,1
19/05/2025,5,195,1
16/05/2025,2,284,1
18/05/2025,1,170,1
18/05/2025,10,66,1
11/05/2025,14,87,1
23/05/2025,2,33,1
28/05/2025,1,1,1
22/05/2025,13,145,1
29/05/2025,11,244,1
23/05/2025,4,22,1
16/05/2025,1,177,1
12/06/2025,9,26,1
25/06/2025,15,213,1
4/06/2025,2,174,1
13/06/2025,13,278,1
2/06/2025,14,42,1
29/06/2025,14,135,2
2/06/2025,8,6,1
27/06/2025,7,233,1
29/06/2025,4,70,1
2/06/2025,9,103,1
9/06/2025,1,69,1
8/06/2025,15,64,1
25/06/2025,10,142,1
26/06/2025,6,1,1
21/06/2025,9,222,1
22/06/2025,1,251,1
19/06/2025,9,13,1
13/06/2025,4,216,1
3/06/2025,5,253,1
26/06/2025,11,199,1
25/06/2025,7,150,1
13/06/2025,12,228,1
21/06/2025,10,39,1
10/06/2025,8,34,1
8/06/2025,3,139,1
21/06/2025,4,212,1
17/06/2025,13,97,1
28/06/2025,8,48,1
21/06/2025,5,269,1
4/06/2025,9,194,1
17/06/2025,10,216,1
3/06/2025,7,39,1
21/06/2025,7,36,1
4/06/2025,15,25,1
9/06/2025,8,217,1
21/06/2025,11,205,1
3/06/2025,2,100,1
2/06/2025,8,86,1
12/06/2025,11,245,1
23/06/2025,2,70,1
11/06/2025,4,53,1
2/06/2025,15,3,1
12/06/2025,8,8,1
13/06/2025,14,120,2
7/06/2025,7,108,1
19/06/2025,4,142,1
27/06/2025,1,200,1
24/06/2025,1,24,1
17/06/2025,3,222,1
7/07/2025,9,176,1
4/07/2025,4,182,1
6/07/2025,12,44,1
31/07/2025,13,70,1
18/07/2025,14,120,1
23/07/2025,15,232,1
27/07/2025,11,172,1
27/07/2025,15,123,1
1/07/2025,8,282,1
31/07/2025,10,151,1
31/07/2025,13,197,1
25/07/2025,7,44,1
11/07/2025,13,131,1
5/07/2025,15,18,1
4/07/2025,13,103,1
14/07/2025,9,126,1
3/07/2025,6,95,1
26/07/2025,7,261,1
30/07/2025,14,135,1
16/07/2025,6,199,1
5/07/2025,10,253,1
10/07/2025,5,282,1
19/07/2025,9,22,1
29/07/2025,10,36,1
23/07/2025,1,218,1
12/07/2025,10,226,1
5/07/2025,11,131,1
7/07/2025,7,69,1
26/07/2025,14,36,1
14/07/2025,8,131,1
19/07/2025,3,270,1
13/07/2025,12,186,1
16/07/2025,12,132,1
23/07/2025,5,124,1
6/07/2025,14,222,1
3/07/2025,4,133,1
9/07/2025,11,165,1
17/07/2025,2,112,1
16/07/2025,12,175,1
6/07/2025,14,40,1
1/07/2025,3,155,1
2/07/2025,10,143,1
18/07/2025,10,52,1
3/07/2025,12,219,1
25/07/2025,8,78,1
12/07/2025,10,188,1
20/07/2025,7,260,1
9/07/2025,15,227,1
9/07/2025,9,285,1
8/07/2025,14,270,1
25/07/2025,1,266,1
26/07/2025,3,53,1
9/07/2025,2,80,1
26/07/2025,15,280,1
16/07/2025,8,102,1
19/07/2025,9,55,1
30/07/2025,3,29,1
25/07/2025,8,80,1
31/07/2025,9,258,1
24/07/2025,8,88,1
22/07/2025,5,45,1
16/07/2025,1,231,1
30/07/2025,1,288,1
6/07/2025,3,257,1
25/07/2025,14,177,1
20/07/2025,8,40,1
12/08/2025,2,283,1
20/08/2025,12,100,1
23/08/2025,7,200,1
23/08/2025,9,232,1
23/08/2025,2,273,1
4/08/2025,5,172,1
25/08/2025,5,9,1
16/08/2025,13,13,1
15/08/2025,10,178,1
5/08/2025,7,57,1
16/08/2025,15,47,1
8/08/2025,15,16,1
20/08/2025,12,63,1
29/08/2025,14,159,1
12/08/2025,11,38,1
9/08/2025,2,149,1
12/08/2025,3,149,1
17/08/2025,10,134,1
26/08/2025,5,34,1
31/08/2025,5,9,1
5/08/2025,10,247,1
31/08/2025,10,120,1
8/08/2025,10,231,1
30/08/2025,8,231,1
17/08/2025,12,74,1
15/08/2025,13,218,1
3/08/2025,14,43,1
20/08/2025,11,157,1
15/08/2025,6,145,1
23/08/2025,4,277,1
8/08/2025,12,280,1
30/08/2025,14,228,1
8/08/2025,10,82,1
6/08/2025,11,58,1
5/08/2025,14,206,1
21/08/2025,9,42,1
5/08/2025,12,109,1
23/08/2025,11,5,1
17/08/2025,1,276,1
2/08/2025,12,243,1
18/08/2025,2,208,1
27/08/2025,14,222,1
8/08/2025,8,239,1
20/08/2025,2,27,1
21/08/2025,1,222,1
4/08/2025,4,257,1
10/08/2025,14,132,1
23/08/2025,9,231,1
15/08/2025,9,185,1
27/08/2025,5,180,1
31/08/2025,12,133,1
11/08/2025,8,275,1
28/08/2025,10,28,1
11/08/2025,6,120,1
13/08/2025,6,226,1
20/08/2025,14,52,1
13/08/2025,8,151,1
11/08/2025,3,54,1
11/08/2025,5,67,1
11/08/2025,11,77,1
29/08/2025,13,91,1
13/08/2025,10,64,1
14/08/2025,5,260,1
9/08/2025,7,90,1
8/08/2025,6,67,1
2/08/2025,5,289,1
2/09/2025,1,221,1
6/09/2025,3,224,1
25/09/2025,14,133,1
22/09/2025,10,16,1
10/09/2025,15,77,1
26/09/2025,14,16,1
17/09/2025,1,5,1
24/09/2025,1,152,1
27/09/2025,11,244,1
22/09/2025,14,128,1
25/09/2025,8,226,1
3/09/2025,1,17,1
3/09/2025,14,7,1
4/09/2025,12,117,1
22/09/2025,12,42,1
2/09/2025,14,103,1
23/09/2025,13,216,1
24/09/2025,7,95,1
29/09/2025,8,220,1
22/09/2025,7,100,1
15/09/2025,1,25,1
20/09/2025,11,63,1
14/09/2025,13,199,1
7/09/2025,4,39,1
17/09/2025,5,133,2
4/09/2025,8,276,1
7/09/2025,8,164,1
12/09/2025,3,279,1
13/09/2025,15,197,1
14/09/2025,6,256,1
16/09/2025,2,217,2
26/09/2025,3,196,1
11/09/2025,11,154,1
23/09/2025,1,90,1
6/09/2025,12,207,1
24/09/2025,13,244,1
17/09/2025,7,5,1
17/09/2025,7,14,1
2/09/2025,14,36,1
2/09/2025,14,124,1
4/09/2025,7,50,1
13/09/2025,5,205,1
21/09/2025,9,181,1
2/09/2025,1,102,1
18/09/2025,14,247,1
28/09/2025,14,228,1
2/09/2025,8,36,1
6/09/2025,4,97,1
15/09/2025,10,74,1
10/09/2025,9,229,1
3/09/2025,10,226,1
18/09/2025,2,189,1
5/09/2025,11,5,1
5/09/2025,12,269,1
13/09/2025,10,127,1
1/09/2025,5,24,1
23/09/2025,8,89,1
27/09/2025,12,40,1
2/09/2025,11,241,1
3/09/2025,9,227,1
24/09/2025,4,167,1
30/09/2025,6,19,1
1/09/2025,8,47,1
29/09/2025,10,217,1
12/09/2025,1,242,1
29/09/2025,7,72,1
2/10/2025,14,153,1
19/10/2025,7,10,1
12/10/2025,7,151,1
29/10/2025,11,161,1
1/10/2025,15,147,1
28/10/2025,1,184,1
18/10/2025,6,62,1
17/10/2025,5,24,1
5/10/2025,1,241,1
28/10/2025,4,16,1
6/10/2025,11,189,1
25/10/2025,4,240,1
29/10/2025,5,78,2
8/10/2025,3,201,1
13/10/2025,2,188,1
30/10/2025,11,60,1
28/10/2025,1,62,1
7/10/2025,13,96,1
6/10/2025,14,184,1
23/10/2025,8,96,1
17/10/2025,3,81,1
19/10/2025,8,99,1
18/10/2025,15,2,1
6/10/2025,14,64,1
10/10/2025,2,19,1
12/10/2025,9,79,1
16/10/2025,8,272,1
30/10/2025,15,71,1
6/10/2025,4,212,1
5/10/2025,15,42,1
9/10/2025,5,124,1
1/10/2025,7,41,1
24/10/2025,14,95,1
29/10/2025,6,59,1
24/10/2025,7,213,1
4/10/2025,6,228,1
18/10/2025,4,153,1
16/10/2025,1,242,1
3/10/2025,7,133,1
17/10/2025,7,230,1
14/10/2025,7,81,1
21/10/2025,5,145,1
28/10/2025,3,56,1
8/10/2025,11,173,1
25/10/2025,5,107,1
8/10/2025,6,259,1
26/10/2025,9,208,1
31/10/2025,10,281,1
20/10/2025,2,12,1
24/10/2025,7,144,1
27/10/2025,8,240,1
6/10/2025,14,151,1
26/10/2025,7,198,1
12/10/2025,12,293,2
13/10/2025,3,189,1
26/10/2025,3,248,1
27/10/2025,10,279,1
31/10/2025,15,167,1
18/10/2025,6,76,1
12/10/2025,1,98,1
10/10/2025,7,19,1
4/10/2025,4,249,1
15/10/2025,13,80,1
22/10/2025,7,142,1
26/10/2025,7,33,1
6/10/2025,2,123,1
16/11/2025,15,236,1
1/11/2025,8,249,1
17/11/2025,12,272,1
12/11/2025,13,37,1
4/11/2025,6,242,1
16/11/2025,3,271,1
10/11/2025,14,217,1
6/11/2025,11,87,1
22/11/2025,13,15,1
26/11/2025,12,3,1
4/11/2025,6,234,1
19/11/2025,6,267,1
26/11/2025,12,132,1
20/11/2025,1,258,1
9/11/2025,11,180,1
22/11/2025,2,276,1
21/11/2025,12,111,1
14/11/2025,1,232,1
7/11/2025,11,100,1
9/11/2025,6,190,1
22/11/2025,9,5,1
23/11/2025,1,205,1
27/11/2025,15,231,1
25/11/2025,9,139,1
13/11/2025,15,81,1
16/11/2025,9,44,1
4/11/2025,5,40,1
25/11/2025,9,156,1
12/11/2025,2,56,1
18/11/2025,2,24,1
10/11/2025,6,130,1
20/11/2025,6,109,1
20/11/2025,8,100,1
19/11/2025,8,240,1
19/11/2025,9,170,1
11/11/2025,9,261,1
2/11/2025,4,116,1
16/11/2025,5,11,1
19/11/2025,5,91,1
2/11/2025,7,238,1
3/11/2025,5,179,1
22/11/2025,2,91,1
29/11/2025,6,181,1
24/11/2025,15,26,1
17/11/2025,7,185,1
18/11/2025,14,166,1
29/11/2025,5,134,1
22/11/2025,12,183,1
26/11/2025,12,14,1
24/11/2025,10,74,1
1/11/2025,2,162,1
29/11/2025,5,194,1
18/11/2025,7,179,1
12/11/2025,9,223,1
18/11/2025,9,11,1
13/11/2025,4,184,1
14/11/2025,10,112,1
2/11/2025,5,74,1
6/11/2025,1,193,1
11/11/2025,2,20,1
14/11/2025,11,253,1
11/11/2025,15,9,1
6/11/2025,13,134,1
24/11/2025,7,96,1
11/11/2025,1,288,1
5/11/2025,14,86,1
21/12/2025,8,289,1
6/12/2025,5,275,1
23/12/2025,1,21,1
2/12/2025,5,167,1
18/12/2025,11,42,1
27/12/2025,13,172,1
30/12/2025,2,280,1
7/12/2025,14,222,1
26/12/2025,11,225,1
8/12/2025,3,291,1
23/12/2025,15,247,1
7/12/2025,9,136,1
16/12/2025,2,98,1
16/12/2025,4,266,1
24/12/2025,6,268,1
28/12/2025,9,252,1
23/12/2025,15,231,1
27/12/2025,11,66,1
29/12/2025,11,231,1
24/12/2025,12,63,1
25/12/2025,12,243,1
9/12/2025,5,165,1
20/12/2025,6,51,1
22/12/2025,9,72,1
26/12/2025,5,156,1
20/12/2025,10,271,1
30/12/2025,9,247,1
10/12/2025,6,14,1
26/12/2025,12,122,1
17/12/2025,10,270,1
9/12/2025,1,201,1
28/12/2025,3,225,1
6/12/2025,12,113,1
28/12/2025,8,145,1
15/12/2025,2,191,1
12/12/2025,9,113,1
2/12/2025,12,205,1
2/12/2025,7,106,1
2/12/2025,15,134,1
26/12/2025,12,212,1
25/12/2025,10,70,1
14/12/2025,2,251,1
12/12/2025,2,157,1
26/12/2025,1,37,1
8/12/2025,8,178,1
4/12/2025,7,26,1
7/12/2025,11,161,1
30/12/2025,14,113,1
24/12/2025,12,180,1
11/12/2025,9,79,1
5/12/2025,6,236,1
13/12/2025,4,21,1
4/12/2025,2,97,1
29/12/2025,14,6,1
22/12/2025,15,221,1
13/12/2025,9,112,1
14/12/2025,2,239,1
23/12/2025,3,87,1
5/12/2025,2,147,1
14/12/2025,12,242,1
27/12/2025,4,147,1
26/12/2025,1,118,1
5/12/2025,10,210,1
28/12/2025,11,41,1
17/12/2025,13,121,1
4/12/2025,13,172,1
22/01/2026,13,42,1
1/01/2026,8,130,1
17/01/2026,8,228,1
10/01/2026,4,272,1
6/01/2026,9,221,1
24/01/2026,12,226,1
24/01/2026,11,12,1
8/01/2026,6,38,1
1/01/2026,7,53,1
15/01/2026,14,197,1
14/01/2026,14,38,1
11/01/2026,7,90,1
15/01/2026,7,49,1
10/01/2026,5,243,1
21/01/2026,8,175,1
5/01/2026,13,167,1
25/01/2026,3,34,1
10/01/2026,13,141,1
24/01/2026,9,62,1
29/01/2026,14,101,1
12/01/2026,6,196,1
14/01/2026,13,104,1
16/01/2026,4,2,1
27/01/2026,8,291,1
14/01/2026,7,162,1
1/01/2026,11,101,1
2/01/2026,7,165,1
28/01/2026,9,33,1
29/01/2026,7,219,1
2/01/2026,14,138,1
1/01/2026,3,197,1
21/01/2026,13,291,1
22/01/2026,7,40,1
6/01/2026,10,238,1
22/01/2026,8,275,1
26/01/2026,15,168,1
27/01/2026,9,41,1
27/01/2026,9,6,1
26/01/2026,14,251,1
3/01/2026,12,73,1
25/01/2026,15,203,1
30/01/2026,10,74,1
4/01/2026,2,150,1
31/01/2026,15,32,1
7/01/2026,14,214,1
20/01/2026,8,58,1
8/01/2026,12,230,1
8/01/2026,15,224,1
7/01/2026,14,223,1
1/01/2026,10,186,1
14/01/2026,13,204,1
25/02/2026,14,147,1
16/02/2026,7,13,1
15/02/2026,8,69,1
21/02/2026,1,2,1
14/02/2026,9,243,1
9/02/2026,13,292,1
2/02/2026,1,191,1
9/02/2026,4,275,1
5/02/2026,12,214,1
26/02/2026,13,149,1
1/02/2026,5,266,1
25/02/2026,13,37,1
10/02/2026,9,39,1
28/02/2026,5,259,1
2/02/2026,7,282,1
26/02/2026,8,138,1
24/02/2026,14,237,1
14/02/2026,14,172,1
7/02/2026,7,22,1
27/02/2026,15,12,1
16/02/2026,10,80,1
26/02/2026,10,18,1
9/02/2026,14,181,1
25/02/2026,1,21,1
16/02/2026,14,213,1
15/02/2026,11,138,1
16/02/2026,1,203,1
19/02/2026,4,69,1
15/02/2026,12,252,1
19/02/2026,4,264,1
18/02/2026,1,184,1
9/02/2026,12,209,1
21/02/2026,9,231,1
8/02/2026,6,25,1
11/02/2026,7,253,1
26/02/2026,15,284,1
8/02/2026,4,76,1
7/02/2026,7,16,1
5/02/2026,10,179,1
8/02/2026,14,11,1
13/02/2026,9,101,1
24/02/2026,1,160,1
4/02/2026,4,280,1
1/02/2026,13,121,1
15/02/2026,5,52,1
23/02/2026,3,14,1
25/02/2026,14,284,1
19/02/2026,10,263,1
18/02/2026,4,260,1
5/02/2026,12,287,1
17/02/2026,13,108,1
27/03/2026,2,70,1
10/03/2026,13,146,1
24/03/2026,8,128,1
30/03/2026,10,185,1
6/03/2026,8,116,1
29/03/2026,13,261,1
21/03/2026,12,241,1
12/03/2026,5,233,1
29/03/2026,6,219,1
3/03/2026,3,149,1
1/03/2026,4,232,1
18/03/2026,4,118,1
21/03/2026,6,254,1
27/03/2026,8,188,1
24/03/2026,14,10,1
12/03/2026,5,109,1
12/03/2026,5,131,1
16/03/2026,5,286,1
13/03/2026,14,252,1
29/03/2026,9,5,1
26/03/2026,9,129,1
21/03/2026,13,136,1
18/03/2026,3,229,1
19/03/2026,15,189,1
1/03/2026,10,5,1
1/03/2026,6,259,1
17/03/2026,5,266,1
18/03/2026,11,51,1
1/03/2026,9,269,1
6/03/2026,13,236,1
4/03/2026,8,288,1
14/03/2026,6,42,1
17/03/2026,5,1,1
29/03/2026,8,39,1
3/03/2026,7,36,1
18/03/2026,8,135,1
19/03/2026,10,28,1
6/03/2026,10,58,1
24/03/2026,12,232,1
18/03/2026,5,211,1
3/03/2026,1,291,1
27/03/2026,6,161,1
11/03/2026,3,245,1
24/03/2026,1,134,1
7/03/2026,15,136,1
3/03/2026,12,76,1
23/03/2026,8,279,1
20/03/2026,2,36,1
19/03/2026,9,36,1
29/03/2026,7,279,1
20/03/2026,11,268,1
9/04/2026,13,130,1
29/04/2026,8,7,1
6/04/2026,3,149,1
22/04/2026,7,49,1
27/04/2026,7,21,1
8/04/2026,1,256,1
15/04/2026,7,63,1
18/04/2026,12,164,1
24/04/2026,3,69,1
5/04/2026,3,252,1
30/04/2026,2,252,1
8/04/2026,14,131,1
26/04/2026,13,7,1
28/04/2026,6,226,1
9/04/2026,8,223,1
18/04/2026,15,71,1
26/04/2026,5,203,1
26/04/2026,2,224,1
6/04/2026,8,67,1
6/04/2026,8,240,1
1/04/2026,5,54,1
24/04/2026,8,105,1
22/04/2026,14,143,1
24/04/2026,12,116,1
27/04/2026,10,51,1
5/04/2026,2,177,1
4/04/2026,6,46,1
4/04/2026,12,147,1
24/04/2026,8,4,1
2/04/2026,3,123,1
3/04/2026,13,197,1
4/04/2026,6,4,1
26/04/2026,6,1,1
6/04/2026,1,285,1
19/04/2026,6,39,1
5/04/2026,2,257,1
1/04/2026,3,138,1
28/04/2026,6,90,1
25/04/2026,15,244,1
19/04/2026,3,283,1
16/04/2026,10,104,1
21/04/2026,7,180,1
17/04/2026,12,190,1
21/04/2026,4,184,1
17/04/2026,7,40,1
19/04/2026,8,55,1
30/04/2026,4,193,1
21/04/2026,2,189,1
16/04/2026,6,221,1
10/04/2026,5,195,2
9/04/2026,8,19,1
18/05/2026,4,147,1
31/05/2026,5,53,1
16/05/2026,13,264,1
13/05/2026,7,197,1
25/05/2026,11,46,1
23/05/2026,9,44,1
5/05/2026,8,73,1
21/05/2026,5,235,1
30/05/2026,15,134,1
20/05/2026,13,111,1
3/05/2026,12,275,1
2/05/2026,10,241,1
17/05/2026,3,156,1
6/05/2026,8,64,1
6/05/2026,9,20,1
17/05/2026,6,44,1
8/05/2026,9,36,1
1/05/2026,9,175,1
14/05/2026,12,89,1
20/05/2026,7,217,1
18/05/2026,4,5,1
30/05/2026,9,67,1
31/05/2026,4,139,1
22/05/2026,6,97,1
13/05/2026,6,81,1
31/05/2026,7,114,1
1/05/2026,5,221,1
26/05/2026,4,71,1
7/05/2026,3,58,1
9/05/2026,1,287,1
18/05/2026,4,189,1
8/05/2026,5,265,1
22/05/2026,12,1,1
14/05/2026,1,124,1
26/05/2026,1,268,1
3/05/2026,15,229,1
21/05/2026,2,134,1
2/05/2026,11,181,1
23/05/2026,6,219,1
24/05/2026,14,179,1
18/05/2026,4,194,1
8/05/2026,13,260,1
20/05/2026,9,151,1
18/05/2026,10,149,1
18/05/2026,8,174,1
7/05/2026,4,37,1
30/05/2026,2,209,1
29/05/2026,13,250,1
8/05/2026,12,190,1
4/05/2026,8,262,1
6/05/2026,5,127,1
26/06/2026,3,53,1
5/06/2026,15,280,1
14/06/2026,8,269,1
19/06/2026,9,181,1
7/06/2026,12,23,1
6/06/2026,10,276,1
4/06/2026,11,265,1
16/06/2026,8,139,1
20/06/2026,14,127,1
27/06/2026,15,7,1
21/06/2026,8,149,1
28/06/2026,7,114,1
5/06/2026,2,72,1
10/06/2026,3,227,1
30/06/2026,14,228,1
19/06/2026,6,42,1
24/06/2026,7,219,1
25/06/2026,4,150,1
25/06/2026,7,139,1
3/06/2026,9,187,1
27/06/2026,14,268,1
4/06/2026,5,44,1
12/06/2026,4,78,1
30/06/2026,11,95,1
13/06/2026,9,62,1
12/06/2026,14,92,1
7/06/2026,8,239,1
27/06/2026,5,50,1
3/06/2026,2,105,1
16/06/2026,8,71,1
29/06/2026,5,45,1
10/06/2026,11,231,1
27/06/2026,4,251,1
15/06/2026,5,280,1
13/06/2026,9,255,1
23/06/2026,8,288,1
28/06/2026,3,186,1
16/06/2026,7,57,1
16/06/2026,3,197,1
5/06/2026,12,253,1
7/06/2026,12,33,1
30/06/2026,12,65,1
14/06/2026,2,214,1
16/06/2026,6,41,1
9/06/2026,5,212,1
25/06/2026,9,210,1
6/06/2026,8,223,1
9/06/2026,7,222,1
28/06/2026,8,177,1
2/06/2026,15,167,1
24/06/2026,12,251,1
31/07/2026,12,279,1
29/07/2026,8,243,1
26/07/2026,2,282,1
5/07/2026,10,64,1
5/07/2026,13,39,2
13/07/2026,5,240,1
1/07/2026,8,79,1
21/07/2026,6,279,1
19/07/2026,8,180,1
23/07/2026,11,42,1
24/07/2026,1,11,1
26/07/2026,4,222,1
12/07/2026,14,92,1
3/07/2026,12,247,1
28/07/2026,8,45,1
30/07/2026,4,96,1
4/07/2026,8,182,1
15/07/2026,15,103,1
2/07/2026,9,58,1
15/07/2026,6,251,1
9/07/2026,11,268,1
2/07/2026,13,120,1
29/07/2026,15,18,1
1/07/2026,5,11,1
6/07/2026,3,170,1
19/07/2026,15,130,1
15/07/2026,11,40,1
14/07/2026,6,256,1
31/07/2026,15,262,1
10/07/2026,4,150,1
31/07/2026,14,211,1
26/07/2026,3,31,1
19/07/2026,3,218,1
18/07/2026,5,36,1
15/07/2026,9,152,1
7/07/2026,5,44,1
23/07/2026,2,90,1
7/07/2026,8,126,1
5/07/2026,15,261,1
24/07/2026,14,61,1
9/07/2026,6,53,1
17/07/2026,5,14,1
31/07/2026,14,70,1
17/07/2026,4,261,1
2/07/2026,12,109,1
4/07/2026,3,180,1
23/07/2026,4,211,1
31/07/2026,10,77,1
31/07/2026,1,199,1
5/07/2026,14,255,1
24/07/2026,13,27,1
22/07/2026,10,234,1
12/07/2026,15,172,1
26/07/2026,10,37,1
4/07/2026,7,154,1
15/07/2026,3,75,1
23/07/2026,12,127,1
23/07/2026,2,164,1
27/07/2026,7,130,1
22/07/2026,7,33,1
23/07/2026,1,198,1
16/07/2026,12,52,1
23/07/2026,15,219,1
19/07/2026,2,52,1
18/07/2026,12,67,1
23/07/2026,9,1,1
26/07/2026,5,134,1
17/07/2026,13,291,1
16/07/2026,2,206,1
24/08/2026,14,100,1
4/08/2026,5,30,1
7/08/2026,10,248,1
1/08/2026,2,214,1
24/08/2026,11,161,1
1/08/2026,7,120,1
10/08/2026,11,241,1
22/08/2026,1,52,1
28/08/2026,8,20,1
24/08/2026,1,81,1
5/08/2026,9,68,1
9/08/2026,5,135,1
6/08/2026,12,220,1
30/08/2026,13,121,1
26/08/2026,15,207,1
16/08/2026,8,87,1
8/08/2026,2,109,1
7/08/2026,3,213,1
8/08/2026,11,238,1
13/08/2026,5,20,1
17/08/2026,10,203,1
21/08/2026,4,180,1
28/08/2026,12,5,1
6/08/2026,14,267,1
6/08/2026,6,273,1
11/08/2026,14,272,1
8/08/2026,10,206,1
7/08/2026,6,65,1
9/08/2026,15,5,1
28/08/2026,7,259,1
5/08/2026,2,249,1
11/08/2026,5,123,1
6/08/2026,5,130,1
4/08/2026,14,170,1
18/08/2026,12,129,1
30/08/2026,3,25,1
19/08/2026,13,84,1
30/08/2026,11,92,1
21/08/2026,5,75,1
22/08/2026,4,189,1
25/08/2026,4,263,1
19/08/2026,10,148,1
2/08/2026,14,266,1
3/08/2026,3,210,1
15/08/2026,8,213,1
4/08/2026,12,203,1
24/08/2026,1,97,1
23/08/2026,13,22,1
3/08/2026,8,32,1
8/08/2026,4,255,1
10/08/2026,2,250,1
1/08/2026,15,154,1
23/08/2026,4,204,1
12/08/2026,6,53,1
9/08/2026,1,86,1
17/08/2026,7,44,1
17/08/2026,3,139,1
8/08/2026,6,261,1
21/08/2026,7,148,1
30/08/2026,13,227,1
1/08/2026,11,75,1
20/08/2026,1,248,1
4/08/2026,8,7,1
10/08/2026,5,98,1
7/08/2026,7,133,1
30/08/2026,4,100,1
26/08/2026,9,29,1
16/08/2026,9,222,1
20/08/2026,5,29,1
9/09/2026,5,131,1
23/09/2026,9,116,1
11/09/2026,7,236,1
20/09/2026,2,40,1
2/09/2026,13,272,1
10/09/2026,7,270,1
18/09/2026,7,44,1
7/09/2026,15,15,1
8/09/2026,2,72,1
28/09/2026,5,91,1
4/09/2026,12,110,1
17/09/2026,9,64,1
7/09/2026,1,186,1
19/09/2026,13,264,1
8/09/2026,14,214,1
13/09/2026,9,249,1
24/09/2026,7,55,1
11/09/2026,3,223,1
28/09/2026,10,83,1
30/09/2026,14,276,1
28/09/2026,11,230,1
12/09/2026,5,285,1
21/09/2026,10,153,1
11/09/2026,9,283,1
4/09/2026,7,244,1
8/09/2026,7,212,1
4/09/2026,10,39,1
24/09/2026,4,114,1
14/09/2026,4,145,1
24/09/2026,2,42,1
14/09/2026,5,220,1
20/09/2026,8,174,1
14/09/2026,8,81,1
21/09/2026,13,67,1
16/09/2026,7,252,1
8/09/2026,10,219,1
2/09/2026,7,286,1
2/09/2026,1,82,1
4/09/2026,10,158,1
9/09/2026,11,160,1
26/09/2026,8,18,1
12/09/2026,3,98,1
22/09/2026,11,13,1
28/09/2026,7,263,1
18/09/2026,8,248,1
9/09/2026,3,216,1
7/09/2026,2,80,1
15/09/2026,3,286,1
21/09/2026,6,4,1
9/09/2026,13,266,1
15/09/2026,9,175,1
3/09/2026,1,68,1
17/09/2026,9,47,1
2/09/2026,11,147,1
14/09/2026,1,200,1
21/09/2026,8,99,1
17/09/2026,9,175,1
16/09/2026,1,67,1
28/09/2026,7,279,1
11/09/2026,5,206,1
29/09/2026,15,86,1
23/09/2026,15,90,1
13/09/2026,1,280,1
14/09/2026,7,31,1
19/09/2026,14,157,1
23/09/2026,7,71,1
21/09/2026,15,111,1
3/09/2026,8,129,1
27/09/2026,14,283,1
21/10/2026,2,213,1
11/10/2026,7,189,1
16/10/2026,6,174,1
19/10/2026,9,42,1
28/10/2026,7,108,1
29/10/2026,10,212,1
13/10/2026,12,219,1
21/10/2026,14,8,1
14/10/2026,7,261,1
1/10/2026,15,120,1
12/10/2026,6,18,1
8/10/2026,7,34,1
11/10/2026,13,47,1
3/10/2026,4,188,1
5/10/2026,13,153,1
21/10/2026,1,219,1
29/10/2026,9,217,1
13/10/2026,12,193,1
13/10/2026,4,130,1
13/10/2026,1,197,1
8/10/2026,11,162,1
14/10/2026,5,18,1
18/10/2026,15,164,1
13/10/2026,4,120,1
9/10/2026,1,184,1
10/10/2026,9,68,1
8/10/2026,2,31,1
18/10/2026,5,236,1
9/10/2026,15,266,1
7/10/2026,12,83,1
2/10/2026,3,133,1
9/10/2026,8,229,1
26/10/2026,11,248,1
1/10/2026,2,171,1
11/10/2026,5,78,1
10/10/2026,2,43,1
29/10/2026,8,11,1
15/10/2026,9,266,1
5/10/2026,2,292,1
30/10/2026,13,193,1
17/10/2026,7,245,1
24/10/2026,15,289,1
20/10/2026,2,129,2
16/10/2026,9,40,1
31/10/2026,10,78,1
5/10/2026,15,54,1
29/10/2026,8,127,1
25/10/2026,3,276,1
15/10/2026,6,27,1
8/10/2026,4,121,1
31/10/2026,13,145,1
19/10/2026,15,80,1
26/10/2026,9,80,1
3/10/2026,3,269,1
11/10/2026,3,221,1
6/10/2026,4,37,1
4/10/2026,12,36,1
19/10/2026,3,292,1
7/10/2026,11,194,1
24/10/2026,6,90,1
26/10/2026,2,283,1
3/10/2026,12,124,1
30/10/2026,2,165,1
9/10/2026,15,265,1
25/10/2026,4,159,1
3/10/2026,12,200,1
13/10/2026,5,63,1
17/10/2026,10,217,1
10/10/2026,4,265,1
13/11/2026,13,147,1
21/11/2026,2,31,1
26/11/2026,5,206,1
15/11/2026,1,154,1
11/11/2026,6,236,1
18/11/2026,1,99,1
26/11/2026,5,127,1
7/11/2026,7,131,1
6/11/2026,14,182,1
20/11/2026,10,159,1
15/11/2026,9,56,1
22/11/2026,14,15,1
14/11/2026,4,229,1
16/11/2026,5,112,1
13/11/2026,7,92,1
22/11/2026,3,241,1
17/11/2026,14,39,1
17/11/2026,9,133,1
4/11/2026,8,252,1
21/11/2026,12,241,1
2/11/2026,5,169,1
23/11/2026,2,253,1
2/11/2026,8,53,1
18/11/2026,3,279,1
6/11/2026,4,37,1
22/11/2026,14,212,1
1/11/2026,3,153,1
2/11/2026,5,245,1
21/11/2026,9,10,1
25/11/2026,4,31,1
28/11/2026,15,195,1
13/11/2026,6,226,1
7/11/2026,4,33,1
26/11/2026,5,263,1
27/11/2026,1,38,1
1/11/2026,5,271,1
20/11/2026,4,185,1
5/11/2026,15,259,1
22/11/2026,14,237,1
11/11/2026,12,192,1
30/11/2026,10,197,1
5/11/2026,8,120,1
30/11/2026,9,236,1
29/11/2026,14,104,1
20/11/2026,1,250,1
29/11/2026,7,174,1
9/11/2026,4,22,1
11/11/2026,2,141,1
9/11/2026,10,180,1
26/11/2026,9,286,1
7/11/2026,12,189,1
12/11/2026,4,149,1
3/11/2026,5,123,1
16/11/2026,7,194,1
15/11/2026,5,121,1
2/11/2026,6,159,1
7/11/2026,10,231,1
6/11/2026,11,229,1
13/11/2026,11,82,1
25/11/2026,9,78,1
8/11/2026,5,245,1
1/11/2026,3,141,1
27/11/2026,7,73,1
16/11/2026,1,12,1
24/11/2026,1,13,1
21/11/2026,5,179,1
29/11/2026,2,64,1
23/11/2026,10,272,1
15/11/2026,5,187,1
20/12/2026,14,2,1
22/12/2026,4,129,1
23/12/2026,6,281,1
26/12/2026,4,75,1
19/12/2026,12,266,1
14/12/2026,8,99,1
21/12/2026,2,84,1
18/12/2026,13,139,1
10/12/2026,14,103,1
24/12/2026,9,100,1
6/12/2026,13,277,1
3/12/2026,3,190,1
4/12/2026,12,204,1
4/12/2026,6,191,1
8/12/2026,15,9,1
1/12/2026,7,257,1
19/12/2026,14,192,1
16/12/2026,11,45,2
4/12/2026,2,162,1
27/12/2026,12,44,1
25/12/2026,13,2,1
7/12/2026,10,208,1
1/12/2026,1,100,1
30/12/2026,15,84,1
3/12/2026,14,157,1
12/12/2026,5,239,1
15/12/2026,12,225,1
22/12/2026,9,291,1
13/12/2026,9,185,1
14/12/2026,3,274,1
10/12/2026,9,206,1
14/12/2026,12,228,1
3/12/2026,2,16,1
10/12/2026,3,186,1
31/12/2026,7,214,1
24/12/2026,9,72,1
10/12/2026,8,68,1
4/12/2026,5,15,1
6/12/2026,13,228,1
19/12/2026,11,282,1
12/12/2026,15,164,1
5/12/2026,4,55,1
19/12/2026,4,18,1
17/12/2026,9,138,1
14/12/2026,8,204,1
9/12/2026,10,133,1
28/12/2026,10,147,1
20/12/2026,4,103,1
17/12/2026,10,20,1
26/12/2026,12,286,1
29/12/2026,7,286,1
2/12/2026,4,236,1
5/12/2026,9,108,1
20/12/2026,9,39,1
1/12/2026,15,232,1
25/12/2026,10,39,1
20/12/2026,9,264,1
20/12/2026,12,76,1
16/12/2026,11,53,1
7/12/2026,1,9,1
29/12/2026,2,269,1
15/12/2026,8,182,1
9/12/2026,14,2,1
17/12/2026,12,10,1
21/12/2026,9,7,1
13/12/2026,14,167,1
17/12/2026,14,139,1
21/12/2026,2,257,1
20/12/2026,5,253,1
